-- Adminer 4.2.1 MySQL dump

SET NAMES utf8;
SET time_zone = '+00:00';
SET foreign_key_checks = 0;
SET sql_mode = 'NO_AUTO_VALUE_ON_ZERO';

DROP TABLE IF EXISTS `dlc`;
CREATE TABLE `dlc` (
  `id` char(2) NOT NULL,
  `name` varchar(50) NOT NULL,
  `used` tinyint(1) unsigned NOT NULL,
  `playerClass` varchar(50) NOT NULL
) ENGINE=MyISAM DEFAULT CHARSET=utf8;

INSERT INTO `dlc` (`id`, `name`, `used`, `playerClass`) VALUES
('VN',	'vanilla',	1,	'PlayerVanilla'),
('DG',	'dawnguard',	0,	''),
('DB',	'dragonborn',	0,	''),
('HF',	'hearthfire',	0,	''),
('PH',	'phitt',	1,	'PlayerVanilla'),
('RQ',	'requiem',	1,	'PlayerRequiem'),
('RR',	'requiem new',	1,	'PlayerRequiem');

DROP TABLE IF EXISTS `effects`;
CREATE TABLE `effects` (
  `id` char(8) NOT NULL,
  `dlc` char(2) NOT NULL,
  `editorId` varchar(100) NOT NULL,
  `name` varchar(100) NOT NULL,
  `poison` tinyint(1) unsigned NOT NULL,
  `amplify` enum('magnitude','duration') NOT NULL,
  `baseCost` decimal(10,6) NOT NULL,
  `baseCostOld` decimal(10,6) NOT NULL,
  `description` varchar(255) NOT NULL,
  `modded` tinyint(1) unsigned NOT NULL,
  `hidden` tinyint(1) unsigned NOT NULL,
  PRIMARY KEY (`id`,`dlc`),
  KEY `editorId` (`editorId`)
) ENGINE=MyISAM DEFAULT CHARSET=utf8;

INSERT INTO `effects` (`id`, `dlc`, `editorId`, `name`, `poison`, `amplify`, `baseCost`, `baseCostOld`, `description`, `modded`, `hidden`) VALUES
('000AE722',	'VN',	'AlchCureDisease',	'Cure Disease',	0,	'magnitude',	0.500000,	0.500000,	'Cures all diseases.',	0,	0),
('0003EB42',	'VN',	'AlchDamageHealth',	'Damage Health',	1,	'magnitude',	3.000000,	3.000000,	'Damages the target\'s Health by <mag> points.',	0,	0),
('0003A2B6',	'VN',	'AlchDamageMagicka',	'Damage Magicka',	1,	'magnitude',	2.200000,	2.200000,	'Damages the target\'s Magicka by <mag> points.',	0,	0),
('00073F2B',	'VN',	'AlchDamageMagickaRate',	'Damage Magicka Regen',	1,	'duration',	0.500000,	0.500000,	'Decreases the target\'s Magicka regeneration by <mag>% for <dur> seconds.',	0,	0),
('0003A2C6',	'VN',	'AlchDamageStamina',	'Damage Stamina',	1,	'magnitude',	1.800000,	1.800000,	'Damages the target\'s Stamina by <mag> points.',	0,	0),
('00073F2C',	'VN',	'AlchDamageStaminaRate',	'Damage Stamina Regen',	1,	'duration',	0.300000,	0.300000,	'Decreases the target\'s Stamina regeneration by <mag>% for <dur> seconds.',	0,	0),
('00073F20',	'VN',	'AlchInfluenceConfDown',	'Fear',	1,	'magnitude',	5.000000,	5.000000,	'Creatures and people up to level <mag> flee from combat for <dur> seconds.',	0,	0),
('0003EB24',	'VN',	'AlchFortifyAlteration',	'Fortify Alteration',	0,	'magnitude',	0.200000,	0.200000,	'Alteration spells last <mag>% longer for <dur> seconds.',	0,	0),
('0003EB23',	'VN',	'AlchFortifyBarter',	'Fortify Barter',	0,	'magnitude',	2.000000,	2.000000,	'You haggle for <mag>% better prices for <dur> seconds.',	0,	0),
('0003EB1C',	'VN',	'AlchFortifyBlock',	'Fortify Block',	0,	'magnitude',	0.500000,	0.500000,	'Blocking absorbs <mag>% more damage for <dur> seconds.',	0,	0),
('0003EB01',	'VN',	'AlchFortifyCarryWeight',	'Fortify Carry Weight',	0,	'magnitude',	0.150000,	0.150000,	'Carrying capacity increases by <mag> for <dur> seconds.',	0,	0),
('0003EB25',	'VN',	'AlchFortifyConjuration',	'Fortify Conjuration',	0,	'magnitude',	0.250000,	0.250000,	'Conjurations spells last <mag>% longer for <dur> seconds.',	0,	0),
('0003EB26',	'VN',	'AlchFortifyDestruction',	'Fortify Destruction',	0,	'magnitude',	0.500000,	0.500000,	'Destruction spells are <mag>% stronger for <dur> seconds.',	0,	0),
('0003EB29',	'VN',	'AlchFortifyEnchanting',	'Fortify Enchanting',	0,	'magnitude',	0.600000,	0.600000,	'For <dur> seconds, items are enchanted <mag>% stronger.',	0,	0),
('0003EAF3',	'VN',	'AlchFortifyHealth',	'Fortify Health',	0,	'magnitude',	0.350000,	0.350000,	'Health is increased by <mag> points for <dur> seconds.',	0,	0),
('0003EB1E',	'VN',	'AlchFortifyHeavyArmor',	'Fortify Heavy Armor',	0,	'magnitude',	0.500000,	0.500000,	'Increases Heavy Armor skill by <mag> points for <dur> seconds.',	0,	0),
('0003EB27',	'VN',	'AlchFortifyIllusion',	'Fortify Illusion',	0,	'magnitude',	0.400000,	0.400000,	'Illusion spells are <mag>% stronger for <dur> seconds.',	0,	0),
('0003EB1F',	'VN',	'AlchFortifyLightArmor',	'Fortify Light Armor',	0,	'magnitude',	0.500000,	0.500000,	'Increases Light Armor skill by <mag> points for <dur> seconds.',	0,	0),
('0003EB21',	'VN',	'AlchFortifyLockpicking',	'Fortify Lockpicking',	0,	'magnitude',	0.500000,	0.500000,	'Lockpicking is <mag>% easier for <dur> seconds.',	0,	0),
('0003EAF8',	'VN',	'AlchFortifyMagicka',	'Fortify Magicka',	0,	'magnitude',	0.300000,	0.300000,	'Magicka is increased by <mag> points for <dur> seconds.',	0,	0),
('0003EB1B',	'VN',	'AlchFortifyMarksman',	'Fortify Marksman',	0,	'magnitude',	0.500000,	0.500000,	'Ranged weapons deal <mag>% more damage for <dur> seconds.',	0,	0),
('0003EB19',	'VN',	'AlchFortifyOneHanded',	'Fortify One-Handed',	0,	'magnitude',	0.500000,	0.500000,	'One-handed weapons do <mag>% more damage for <dur> seconds.',	0,	0),
('0003EB20',	'VN',	'AlchFortifyPickpocket',	'Fortify Pickpocket',	0,	'magnitude',	0.500000,	0.500000,	'Pickpocketing is <mag>% easier for <dur> seconds.',	0,	0),
('0003EB28',	'VN',	'AlchFortifyRestoration',	'Fortify Restoration',	0,	'magnitude',	0.500000,	0.500000,	'Restoration spells are <mag>% stronger for <dur> seconds.',	0,	0),
('0003EB1D',	'VN',	'AlchFortifySmithing',	'Fortify Smithing',	0,	'magnitude',	0.750000,	0.750000,	'Weapon and armor improving is <mag>% better for <dur> seconds.',	0,	0),
('0003EB22',	'VN',	'AlchFortifySneak',	'Fortify Sneak',	0,	'magnitude',	0.500000,	0.500000,	'You are <mag>% harder to detect for <dur> seconds.',	0,	0),
('0003EAF9',	'VN',	'AlchFortifyStamina',	'Fortify Stamina',	0,	'magnitude',	0.300000,	0.300000,	'Stamina is increased by <mag> points for <dur> seconds.',	0,	0),
('0003EB1A',	'VN',	'AlchFortifyTwoHanded',	'Fortify Two-Handed',	0,	'magnitude',	0.500000,	0.500000,	'Two-handed weapons do <mag>% more damage for <dur> seconds.',	0,	0),
('00073F29',	'VN',	'AlchInfluenceAggUp',	'Frenzy',	1,	'magnitude',	15.000000,	15.000000,	'Creatures and people up to level <mag> will attack anything nearby for <dur> seconds.',	0,	0),
('0003EB3D',	'VN',	'AlchInvisibillity',	'Invisibility',	0,	'duration',	100.000000,	100.000000,	'Invisibility for <dur> seconds.',	0,	0),
('0010AA4A',	'VN',	'AlchDamageHealthDuration',	'Lingering Damage Health',	1,	'magnitude',	12.000000,	12.000000,	'Causes <mag> points of poison damage for <dur> seconds.',	0,	0),
('0010DE5F',	'VN',	'AlchDamageMagickaDuration',	'Lingering Damage Magicka',	1,	'magnitude',	10.000000,	10.000000,	'Drains the target\'s Magicka by <mag> points per second for <dur> seconds.',	0,	0),
('0010DE5E',	'VN',	'AlchDamageStaminaDuration',	'Lingering Damage Stamina',	1,	'magnitude',	1.800000,	1.800000,	'Drain the target\'s Stamina by <mag> points per second for <dur> seconds.',	0,	0),
('00073F30',	'VN',	'AlchParalysis',	'Paralysis',	1,	'duration',	500.000000,	500.000000,	'Target is paralyzed for <dur> seconds.',	0,	0),
('00073F26',	'VN',	'AlchDamageHealthRavage',	'Ravage Health',	1,	'magnitude',	0.400000,	0.400000,	'Concentrated poison drains Health by <mag> points per second for <dur> seconds.',	0,	0),
('00073F27',	'VN',	'AlchDamageMagickaRavage',	'Ravage Magicka',	1,	'magnitude',	1.000000,	1.000000,	'Concentrated poison drains Magicka by <mag> points per second for <dur> seconds.',	0,	0),
('00073F23',	'VN',	'AlchDamageStaminaRavage',	'Ravage Stamina',	1,	'magnitude',	1.600000,	1.600000,	'Concentrated poison drains Stamina by <mag> points per second for <dur> seconds.',	0,	0),
('0003EB06',	'VN',	'AlchFortifyHealRate',	'Regenerate Health',	0,	'magnitude',	0.100000,	0.100000,	'Health regenerates <mag>% faster for <dur> seconds.',	0,	0),
('0003EB07',	'VN',	'AlchFortifyMagickaRate',	'Regenerate Magicka',	0,	'magnitude',	0.100000,	0.100000,	'Magicka regenerates <mag>% faster for <dur> seconds.',	0,	0),
('0003EB08',	'VN',	'AlchFortifyStaminaRate',	'Regenerate Stamina',	0,	'magnitude',	0.100000,	0.100000,	'Stamina regenerates <mag>% faster for <dur> seconds.',	0,	0),
('0003EAEA',	'VN',	'AlchResistFire',	'Resist Fire',	0,	'magnitude',	0.500000,	0.500000,	'Resist <mag>% of fire damage for <dur> seconds.',	0,	0),
('0003EAEB',	'VN',	'AlchResistFrost',	'Resist Frost',	0,	'magnitude',	0.500000,	0.500000,	'Resist <mag>% of frost damage for <dur> seconds.',	0,	0),
('00039E51',	'VN',	'AlchResistMagic',	'Resist Magic',	0,	'magnitude',	1.000000,	1.000000,	'Resist <mag>% of magic for <dur> seconds.',	0,	0),
('00090041',	'VN',	'AlchResistPoison',	'Resist Poison',	0,	'magnitude',	0.500000,	0.500000,	'Resist <mag>% of poison for <dur> seconds.',	0,	0),
('0003EAEC',	'VN',	'AlchResistShock',	'Resist Shock',	0,	'magnitude',	0.500000,	0.500000,	'Resist <mag>% of shock damage for <dur> seconds.',	0,	0),
('0003EB15',	'VN',	'AlchRestoreHealth',	'Restore Health',	0,	'magnitude',	0.500000,	0.500000,	'Restore <mag> points of Health.',	0,	0),
('0003EB17',	'VN',	'AlchRestoreMagicka',	'Restore Magicka',	0,	'magnitude',	0.600000,	0.600000,	'Restore <mag> points of Magicka.',	0,	0),
('0003EB16',	'VN',	'AlchRestoreStamina',	'Restore Stamina',	0,	'magnitude',	0.600000,	0.600000,	'Restore <mag> Stamina.',	0,	0),
('00073F25',	'VN',	'AlchDamageSpeed',	'Slow',	1,	'duration',	1.000000,	1.000000,	'Target moves at 50% speed for <dur> seconds.',	0,	0),
('0003AC2D',	'VN',	'AlchWaterbreathing',	'Waterbreathing',	0,	'duration',	30.000000,	30.000000,	'Can breathe underwater for <dur> seconds.',	0,	0),
('00073F2D',	'VN',	'AlchWeaknessFire',	'Weakness to Fire',	1,	'magnitude',	0.600000,	0.600000,	'Target is <mag>% weaker to fire damage for <dur> seconds.',	0,	0),
('00073F2E',	'VN',	'AlchWeaknessFrost',	'Weakness to Frost',	1,	'magnitude',	0.500000,	0.500000,	'Target is <mag>% weaker to frost damage for <dur> seconds.',	0,	0),
('00073F51',	'VN',	'AlchWeaknessMagic',	'Weakness to Magic',	1,	'magnitude',	1.000000,	1.000000,	'Target is <mag>% weaker to magic for <dur> seconds.',	0,	0),
('00090042',	'VN',	'AlchWeaknessPoison',	'Weakness to Poison',	1,	'magnitude',	1.000000,	1.000000,	'Target is <mag>% weaker to poison for <dur> seconds.',	0,	0),
('00073F2F',	'VN',	'AlchWeaknessShock',	'Weakness to Shock',	1,	'magnitude',	0.700000,	0.700000,	'Target is <mag>% weaker to shock damage for <dur> seconds.',	0,	0),
('00109ADD',	'VN',	'AlchCurePoison',	'Cure Poison',	0,	'magnitude',	0.200000,	0.200000,	'Stops poison\'s continuing effects.',	0,	0),
('000D6947',	'VN',	'AlchFortifyPersuasion',	'Fortify Persuasion',	0,	'magnitude',	0.500000,	0.500000,	'Increases Speech skill by <mag> points for <dur> seconds.',	0,	0),
('000AE722',	'PH',	'AlchCureDisease',	'Cure Disease',	0,	'magnitude',	1.300000,	2.200000,	'Cures all diseases.',	0,	0),
('0003EB42',	'PH',	'AlchDamageHealth',	'Damage Health',	1,	'magnitude',	1.780000,	3.000000,	'Causes <mag> points of poison damage for <dur> seconds.',	0,	0),
('0003A2B6',	'PH',	'AlchDamageMagicka',	'Damage Magicka',	1,	'magnitude',	0.820000,	2.200000,	'Drains the target\'s Magicka by <mag> points per second for <dur> seconds.',	0,	0),
('00073F2B',	'PH',	'AlchDamageMagickaRate',	'Damage Magicka Regen',	1,	'duration',	0.023000,	0.500000,	'Decrease the target\'s Magicka regeneration by <mag>% for <dur> seconds.',	0,	0),
('0003A2C6',	'PH',	'AlchDamageStamina',	'Damage Stamina',	1,	'magnitude',	0.820000,	1.800000,	'Drain the target\'s Stamina by <mag> points per second for <dur> seconds.',	0,	0),
('00073F2C',	'PH',	'AlchDamageStaminaRate',	'Damage Stamina Regen',	1,	'duration',	0.023000,	0.300000,	'Decrease the target\'s Stamina regeneration by <mag>% for <dur> seconds.',	0,	0),
('00073F20',	'PH',	'AlchInfluenceConfDown',	'Fear',	1,	'magnitude',	0.240000,	5.000000,	'Creatures and people up to level <mag> flee from combat for <dur> seconds.',	0,	0),
('0003EB24',	'PH',	'AlchFortifyAlteration',	'Fortify Alteration',	0,	'magnitude',	0.045000,	0.200000,	'Alteration spells last <mag>% longer for <dur> seconds.',	0,	0),
('0003EB23',	'PH',	'AlchFortifyBarter',	'Fortify Barter',	0,	'magnitude',	0.192000,	2.000000,	'You haggle for <mag>% better prices for <dur> seconds.',	0,	0),
('0003EB1C',	'PH',	'AlchFortifyBlock',	'Fortify Block',	0,	'magnitude',	0.042000,	0.500000,	'Blocking absorbs <mag>% more damage for <dur> seconds.',	0,	0),
('0003EB01',	'PH',	'AlchFortifyCarryWeight',	'Fortify Carry Weight',	0,	'magnitude',	0.003600,	0.150000,	'Carrying capacity increases by <mag> for <dur> seconds.',	0,	0),
('0003EB25',	'PH',	'AlchFortifyConjuration',	'Fortify Conjuration',	0,	'magnitude',	0.045000,	0.250000,	'Conjurations spells last <mag>% longer for <dur> seconds.',	0,	0),
('0003EB26',	'PH',	'AlchFortifyDestruction',	'Fortify Destruction',	0,	'magnitude',	0.095000,	0.500000,	'Destruction spells are <mag>% stronger for <dur> seconds.',	0,	0),
('0003EB29',	'PH',	'AlchFortifyEnchanting',	'Fortify Enchanting',	0,	'magnitude',	0.090000,	0.600000,	'For <dur> seconds, items are enchanted <mag>% stronger.',	0,	0),
('0003EAF3',	'PH',	'AlchFortifyHealth',	'Fortify Health',	0,	'magnitude',	0.010000,	0.350000,	'Health is increased by <mag> points for <dur> seconds.',	0,	0),
('0003EB1E',	'PH',	'AlchFortifyHeavyArmor',	'Fortify Heavy Armor',	0,	'magnitude',	0.042000,	0.500000,	'Increases Heavy Armor skill by <mag> points for <dur> seconds.',	0,	0),
('0003EB27',	'PH',	'AlchFortifyIllusion',	'Fortify Illusion',	0,	'magnitude',	0.095000,	0.400000,	'Illusion spells are <mag>% stronger for <dur> seconds.',	0,	0),
('0003EB1F',	'PH',	'AlchFortifyLightArmor',	'Fortify Light Armor',	0,	'magnitude',	0.042000,	0.500000,	'Increases Light Armor skill by <mag> points for <dur> seconds.',	0,	0),
('0003EB21',	'PH',	'AlchFortifyLockpicking',	'Fortify Lockpicking',	0,	'magnitude',	0.090000,	0.500000,	'Lockpicking is <mag>% easier for <dur> seconds.',	0,	0),
('0003EAF8',	'PH',	'AlchFortifyMagicka',	'Fortify Magicka',	0,	'magnitude',	0.010000,	0.300000,	'Magicka is increased by <mag> points for <dur> seconds.',	0,	0),
('0003EB1B',	'PH',	'AlchFortifyMarksman',	'Fortify Marksman',	0,	'magnitude',	0.095000,	0.500000,	'Ranged weapons deal <mag>% more damage for <dur> seconds.',	0,	0),
('0003EB19',	'PH',	'AlchFortifyOneHanded',	'Fortify One-Handed',	0,	'magnitude',	0.095000,	0.500000,	'One-handed weapons do <mag>% more damage for <dur> seconds.',	0,	0),
('0003EB20',	'PH',	'AlchFortifyPickpocket',	'Fortify Pickpocket',	0,	'magnitude',	0.042000,	0.500000,	'Pickpocketing is <mag>% easier for <dur> seconds.',	0,	0),
('0003EB28',	'PH',	'AlchFortifyRestoration',	'Fortify Restoration',	0,	'magnitude',	0.095000,	0.500000,	'Restoration spells are <mag>% stronger for <dur> seconds.',	0,	0),
('0003EB1D',	'PH',	'AlchFortifySmithing',	'Fortify Smithing',	0,	'magnitude',	0.090000,	0.750000,	'Weapon and armor improving is <mag>% better for <dur> seconds.',	0,	0),
('0003EB22',	'PH',	'AlchFortifySneak',	'Fortify Sneak',	0,	'magnitude',	0.090000,	0.500000,	'You are <mag>% harder to detect for <dur> seconds.',	0,	0),
('0003EAF9',	'PH',	'AlchFortifyStamina',	'Fortify Stamina',	0,	'magnitude',	0.009700,	0.300000,	'Stamina is increased by <mag> points for <dur> seconds.',	0,	0),
('0003EB1A',	'PH',	'AlchFortifyTwoHanded',	'Fortify Two-Handed',	0,	'magnitude',	0.095000,	0.500000,	'Two-handed weapons do <mag>% more damage for <dur> seconds.',	0,	0),
('00073F29',	'PH',	'AlchInfluenceAggUp',	'Frenzy',	1,	'magnitude',	0.500000,	15.000000,	'Creatures and people up to level <mag> will attack anything nearby for <dur> seconds.',	0,	0),
('0003EB3D',	'PH',	'AlchInvisibillity',	'Invisibility',	0,	'duration',	7.850000,	100.000000,	'Invisibility for <dur> seconds.',	0,	0),
('0010AA4A',	'PH',	'AlchDamageHealthDuration',	'Lingering Damage Health',	1,	'magnitude',	1.000000,	12.000000,	'Causes <mag> points of poison damage for <dur> seconds.',	0,	0),
('0010DE5F',	'PH',	'AlchDamageMagickaDuration',	'Lingering Damage Magicka',	1,	'magnitude',	0.470000,	10.000000,	'Drains the target\'s Magicka by <mag> points per second for <dur> seconds.',	0,	0),
('0010DE5E',	'PH',	'AlchDamageStaminaDuration',	'Lingering Damage Stamina',	1,	'magnitude',	0.470000,	1.800000,	'Drain the target\'s Stamina by <mag> points per second for <dur> seconds.',	0,	0),
('00073F30',	'PH',	'AlchParalysis',	'Paralysis',	1,	'duration',	32.000000,	500.000000,	'Target is paralyzed for <dur> seconds.',	0,	0),
('00073F26',	'PH',	'AlchDamageHealthRavage',	'Ravage Health',	1,	'magnitude',	0.250000,	0.400000,	'Temporarily reduces the target\'s maximum health by <mag> points for <dur> seconds.',	0,	0),
('00073F27',	'PH',	'AlchDamageMagickaRavage',	'Ravage Magicka',	1,	'magnitude',	0.180000,	1.000000,	'Temporarily reduces the target\'s maximum magicka by <mag> points for <dur> seconds.',	0,	0),
('00073F23',	'PH',	'AlchDamageStaminaRavage',	'Ravage Stamina',	1,	'magnitude',	0.180000,	1.600000,	'Temporarily reduces the target\'s maximum stamina by <mag> points for <dur> seconds.',	0,	0),
('0003EB06',	'PH',	'AlchFortifyHealRate',	'Regenerate Health',	0,	'magnitude',	0.004300,	0.100000,	'Health regenerates <mag>% faster for <dur> seconds.',	0,	0),
('0003EB07',	'PH',	'AlchFortifyMagickaRate',	'Regenerate Magicka',	0,	'magnitude',	0.004300,	0.100000,	'Magicka regenerates <mag>% faster for <dur> seconds.',	0,	0),
('0003EB08',	'PH',	'AlchFortifyStaminaRate',	'Regenerate Stamina',	0,	'magnitude',	0.004300,	0.100000,	'Stamina regenerates <mag>% faster for <dur> seconds.',	0,	0),
('0003EAEA',	'PH',	'AlchResistFire',	'Resist Fire',	0,	'magnitude',	0.053000,	0.500000,	'Resist <mag>% of fire damage for <dur> seconds.',	0,	0),
('0003EAEB',	'PH',	'AlchResistFrost',	'Resist Frost',	0,	'magnitude',	0.053000,	0.500000,	'Resist <mag>% of frost damage for <dur> seconds.',	0,	0),
('00039E51',	'PH',	'AlchResistMagic',	'Resist Magic',	0,	'magnitude',	0.114000,	1.000000,	'Resist <mag>% of magic for <dur> seconds.',	0,	0),
('00090041',	'PH',	'AlchResistPoison',	'Resist Poison',	0,	'magnitude',	0.053000,	0.500000,	'Resist <mag>% of poison for <dur> seconds.',	0,	0),
('0003EAEC',	'PH',	'AlchResistShock',	'Resist Shock',	0,	'magnitude',	0.053000,	0.500000,	'Resist <mag>% of shock damage for <dur> seconds.',	0,	0),
('0003EB15',	'PH',	'AlchRestoreHealth',	'Restore Health',	0,	'magnitude',	0.475000,	0.500000,	'Restore <mag> points of Health for <dur> seconds.',	0,	0),
('0003EB17',	'PH',	'AlchRestoreMagicka',	'Restore Magicka',	0,	'magnitude',	0.475000,	0.600000,	'Restore <mag> points of Magicka for <dur> seconds.',	0,	0),
('0003EB16',	'PH',	'AlchRestoreStamina',	'Restore Stamina',	0,	'magnitude',	0.089000,	0.600000,	'Restore <mag> Stamina.',	0,	0),
('00073F25',	'PH',	'AlchDamageSpeed',	'Slow',	1,	'duration',	0.220000,	1.000000,	'Target moves at 50% speed for <dur> seconds.',	0,	0),
('0003AC2D',	'PH',	'AlchWaterbreathing',	'Waterbreathing',	0,	'duration',	2.090000,	30.000000,	'Can breathe underwater for <dur> seconds.',	0,	0),
('00073F2D',	'PH',	'AlchWeaknessFire',	'Weakness to Fire',	1,	'magnitude',	0.045000,	0.600000,	'Target is <mag>% weaker to fire damage for <dur> seconds.',	0,	0),
('00073F2E',	'PH',	'AlchWeaknessFrost',	'Weakness to Frost',	1,	'magnitude',	0.045000,	0.500000,	'Target is <mag>% weaker to frost damage for <dur> seconds.',	0,	0),
('00073F51',	'PH',	'AlchWeaknessMagic',	'Weakness to Magic',	1,	'magnitude',	0.097500,	1.000000,	'Target is <mag>% weaker to magic for <dur> seconds.',	0,	0),
('00090042',	'PH',	'AlchWeaknessPoison',	'Weakness to Poison',	1,	'magnitude',	0.045000,	1.000000,	'Target is <mag>% weaker to poison for <dur> seconds.',	0,	0),
('00073F2F',	'PH',	'AlchWeaknessShock',	'Weakness to Shock',	1,	'magnitude',	0.045000,	0.700000,	'Target is <mag>% weaker to shock damage for <dur> seconds.',	0,	0),
('00109ADD',	'PH',	'AlchCurePoison',	'Cure Poison',	0,	'magnitude',	0.067000,	0.200000,	'Stops poison\'s continuing effects.',	0,	0),
('000D6947',	'PH',	'AlchFortifyPersuasion',	'Fortify Persuasion',	0,	'magnitude',	0.042000,	0.500000,	'Increases Speech skill by <mag> points for <dur> seconds.',	0,	0),
('0200C470',	'PH',	'PTFortifyUnarmedDamage',	'Fortify Unarmed Damage',	0,	'magnitude',	0.340000,	0.340000,	'Unarmed strikes do <mag> additional damage.',	0,	0),
('0200CF38',	'PH',	'PTAlchFortifyWeaponSpeed',	'Fortify Weapon Speed',	0,	'duration',	2.540000,	2.540000,	'Weapons are 20% faster for <dur> seconds.',	0,	0),
('0200A982',	'PH',	'PTAlchFortifyArmor',	'Fortify Armor Rating',	0,	'magnitude',	0.012500,	0.012500,	'Armor rating increases by <mag> for <dur> seconds.',	0,	0),
('0200A41E',	'PH',	'PTAlchAbsorb',	'Absorb Spell',	0,	'magnitude',	0.083000,	0.083000,	'<mag>% chance to absorb spells for <dur> seconds.',	0,	0),
('0200AEE6',	'PH',	'PTAlchWeakenArmor',	'Weaken Armor',	0,	'magnitude',	0.027000,	0.027000,	'Temporarily reduces the target\'s armor rating by <mag> points for <dur> seconds.',	0,	0),
('0200D49C',	'PH',	'PTAlchNightEye',	'Night Eye',	0,	'duration',	1.300000,	1.300000,	'Improved night vision for <dur> seconds.',	0,	0),
('0200C9D4',	'PH',	'PTAlchFortifySpeed',	'Fortify Speed',	0,	'magnitude',	0.244000,	0.244000,	'Move <mag>% faster for <dur> seconds.',	0,	0),
('000AE722',	'RQ',	'AlchCureDisease',	'Vitality',	0,	'magnitude',	0.250000,	0.250000,	'Removes almost every disease, poison and temporary magic effect.',	0,	0),
('034F6D1D',	'RQ',	'DisDamageHealthVampireAlch',	'Sanguinare Vampiris',	0,	'duration',	5.000000,	5.000000,	'Consuming the remains of a vampire will likely cause Sanguinare Vampiris. Also, it will lead to even more severe symptoms, slaying all but the toughest mortals instantly...',	0,	0),
('0003EB42',	'RQ',	'AlchDamageHealth',	'Affliction',	1,	'magnitude',	1.500000,	1.500000,	'Immediately causes <mag> points of poison damage.',	0,	0),
('0010AA4A',	'RQ',	'AlchDamageHealthDuration',	'Decay',	1,	'magnitude',	1.500000,	1.500000,	'Drains the target\'s Health by <mag> points per second for <dur> seconds.',	0,	0),
('00073F26',	'RQ',	'AlchDamageHealthRavage',	'Ravage Health',	1,	'magnitude',	0.250000,	0.250000,	'Temporarily reduces the target\'s maximum health by <mag> points for <dur> seconds.',	0,	0),
('0003A2B6',	'RQ',	'AlchDamageMagicka',	'Spellbane',	1,	'magnitude',	1.100000,	1.100000,	'Immediately drains the target\'s Magicka by <mag> points.',	0,	0),
('0010DE5F',	'RQ',	'AlchDamageMagickaDuration',	'Spellfade',	1,	'magnitude',	5.000000,	5.000000,	'Drains the target\'s Magicka by <mag> points per second for <dur> seconds.',	0,	0),
('00073F2B',	'RQ',	'AlchDamageMagickaRate',	'Damage Magicka Regen',	1,	'duration',	0.250000,	0.250000,	'Decrease the target\'s Magicka regeneration by <mag>% for <dur> seconds.',	0,	0),
('00073F27',	'RQ',	'AlchDamageMagickaRavage',	'Spellfreeze (Silence)',	1,	'magnitude',	0.500000,	0.500000,	'Temporarily reduces the target\'s maximum magicka by <mag> points for <dur> seconds.',	0,	0),
('00073F25',	'RQ',	'AlchDamageSpeed',	'Tardiness',	1,	'duration',	0.500000,	0.500000,	'Target moves <mag>% slower for <dur> seconds.',	0,	0),
('0003A2C6',	'RQ',	'AlchDamageStamina',	'Exhaustion',	1,	'magnitude',	0.900000,	0.900000,	'Immediately drains the target\'s Stamina by <mag> points for duration <dur>.',	0,	0),
('0010DE5E',	'RQ',	'AlchDamageStaminaDuration',	'Effeteness',	1,	'magnitude',	0.900000,	0.900000,	'Drain the target\'s Stamina by <mag> points per second for <dur> seconds.',	0,	0),
('00073F2C',	'RQ',	'AlchDamageStaminaRate',	'Damage Stamina Regen',	1,	'duration',	0.300000,	0.300000,	'Decrease the target\'s Stamina regeneration by <mag>% for <dur> seconds.',	0,	0),
('00073F23',	'RQ',	'AlchDamageStaminaRavage',	'Enervation (Fatigue)',	1,	'magnitude',	0.800000,	0.800000,	'Temporarily reduces the target\'s maximum stamina by <mag> points for <dur> seconds.',	0,	0),
('0003EB24',	'RQ',	'AlchFortifyAlteration',	'Ably Transmuting',	0,	'magnitude',	0.250000,	0.250000,	'Alteration spells last <mag>% longer for <dur> seconds.',	0,	0),
('0003EB23',	'RQ',	'AlchFortifyBarter',	'Fortify Barter',	0,	'magnitude',	1.000000,	1.000000,	'You haggle for <mag>% better prices for <dur> seconds.',	0,	0),
('0003EB1C',	'RQ',	'AlchFortifyBlock',	'Ably Blocking',	0,	'magnitude',	0.250000,	0.250000,	'Blocking absorbs <mag>% more damage for <dur> seconds.',	0,	0),
('0003EB01',	'RQ',	'AlchFortifyCarryWeight',	'Featherweight',	0,	'magnitude',	0.072500,	0.072500,	'Carrying capacity increases by <mag> for <dur> seconds.',	0,	0),
('0003EB25',	'RQ',	'AlchFortifyConjuration',	'Ably Conjuring',	0,	'magnitude',	0.250000,	0.250000,	'Conjuration spells last <mag>% longer for <dur> seconds.',	0,	0),
('0003EB26',	'RQ',	'AlchFortifyDestruction',	'Ably Destroying',	0,	'magnitude',	0.250000,	0.250000,	'Destruction spells are <mag>% stronger for <dur> seconds.',	0,	0),
('0003EB29',	'RQ',	'AlchFortifyEnchanting',	'Ably Enchanting',	0,	'magnitude',	0.250000,	0.250000,	'Items are enchanted <mag>% stronger for <dur> seconds.',	0,	0),
('0003EB06',	'RQ',	'AlchFortifyHealRate',	'Regeneration',	0,	'magnitude',	0.050000,	0.050000,	'Health regenerates <mag>% faster for <dur> seconds.',	0,	0),
('0003EAF3',	'RQ',	'AlchFortifyHealth',	'Rigidity',	0,	'magnitude',	0.200000,	0.200000,	'Health is increased by <mag> points for <dur> seconds.',	0,	0),
('0003EB1E',	'RQ',	'AlchFortifyHeavyArmor',	'Stoneskin (H)',	0,	'magnitude',	0.250000,	0.250000,	'Increases armor rating by <mag> points for <dur> seconds.',	0,	0),
('0003EB27',	'RQ',	'AlchFortifyIllusion',	'Ably Deceiving',	0,	'magnitude',	0.250000,	0.250000,	'Illusion spells are <mag>% stronger for <dur> seconds.',	0,	0),
('0003EB1F',	'RQ',	'AlchFortifyLightArmor',	'Stoneskin (L)',	0,	'magnitude',	0.250000,	0.250000,	'Increases armor rating by <mag> points for <dur> seconds.',	0,	0),
('0003EB21',	'RQ',	'AlchFortifyLockpicking',	'Ably Lockpicking',	0,	'magnitude',	0.250000,	0.250000,	'Lockpicking is <mag>% easier for <dur> seconds.',	0,	0),
('0003EAF8',	'RQ',	'AlchFortifyMagicka',	'Spellpower',	0,	'magnitude',	0.150000,	0.150000,	'Magicka is increased by <mag> points for <dur> seconds.',	0,	0),
('0003EB07',	'RQ',	'AlchFortifyMagickaRate',	'Spellflux',	0,	'magnitude',	0.100000,	0.100000,	'Magicka regenerates <mag>% faster for <dur> seconds.',	0,	0),
('0003EB1B',	'RQ',	'AlchFortifyMarksman',	'Ably Aiming',	0,	'magnitude',	0.250000,	0.250000,	'Ranged weapons deal <mag>% more damage for <dur> seconds.',	0,	0),
('0003EB19',	'RQ',	'AlchFortifyOneHanded',	'Ably Fighting',	0,	'magnitude',	0.250000,	0.250000,	'One-handed weapons do <mag>% more damage for <dur> seconds.',	0,	0),
('000D6947',	'RQ',	'AlchFortifyPersuasion',	'Ably Persuading',	0,	'magnitude',	0.250000,	0.250000,	'Increases the imbiber\'s speech craft by <mag> percent.',	0,	0),
('0003EB20',	'RQ',	'AlchFortifyPickpocket',	'Ably Pickpocketing',	0,	'magnitude',	0.250000,	0.250000,	'Pickpocketing is <mag>% easier for <dur> seconds.',	0,	0),
('0003EB28',	'RQ',	'AlchFortifyRestoration',	'Ably Restoring',	0,	'magnitude',	0.250000,	0.250000,	'Restoration spells are <mag>% stronger for <dur> seconds.',	0,	0),
('0003EB1D',	'RQ',	'AlchFortifySmithing',	'Ably Smithing',	0,	'magnitude',	0.250000,	0.250000,	'Weapon and armor improving is <mag>% better for <dur> seconds.',	0,	0),
('0003EB22',	'RQ',	'AlchFortifySneak',	'Ably Sneaking',	0,	'magnitude',	0.250000,	0.250000,	'You are <mag>% harder to detect for <dur> seconds.',	0,	0),
('0003EAF9',	'RQ',	'AlchFortifyStamina',	'Fortify Stamina',	0,	'magnitude',	0.150000,	0.150000,	'Stamina is increased by <mag> points for <dur> seconds.',	0,	0),
('0003EB08',	'RQ',	'AlchFortifyStaminaRate',	'Spiritedness',	0,	'magnitude',	0.050000,	0.050000,	'Stamina regenerates <mag>% faster for <dur> seconds.',	0,	0),
('0003EB1A',	'RQ',	'AlchFortifyTwoHanded',	'Ably Berserking',	0,	'magnitude',	0.250000,	0.250000,	'Two-handed weapons do <mag>% more damage for <dur> seconds.',	0,	0),
('00073F29',	'RQ',	'AlchInfluenceAggUp',	'Frenzy',	1,	'magnitude',	7.500000,	7.500000,	'Creatures and people up to level <mag> will attack anything nearby for <dur> seconds.',	0,	0),
('00073F20',	'RQ',	'AlchInfluenceConfDown',	'Fear',	1,	'magnitude',	2.500000,	2.500000,	'Creatures and people up to level <mag> flee from combat for <dur> seconds.',	0,	0),
('0003EB3D',	'RQ',	'AlchInvisibillity',	'Invisibility',	0,	'duration',	50.000000,	50.000000,	'Grants invisibility for <dur> seconds.',	0,	0),
('00073F30',	'RQ',	'AlchParalysis',	'Paralysis',	1,	'duration',	250.000000,	250.000000,	'The target is paralyzed for <dur> seconds.',	0,	0),
('0003EAEA',	'RQ',	'AlchResistFire',	'Flamebane',	0,	'magnitude',	0.250000,	0.250000,	'Resist <mag>% of fire damage for <dur> seconds.',	0,	0),
('0003EAEB',	'RQ',	'AlchResistFrost',	'Icebane',	0,	'magnitude',	0.250000,	0.250000,	'Resist <mag>% of frost damage for <dur> seconds.',	0,	0),
('00039E51',	'RQ',	'AlchResistMagic',	'Spellshield',	0,	'magnitude',	0.500000,	0.500000,	'Resist <mag>% of magic for <dur> seconds.',	0,	0),
('00090041',	'RQ',	'AlchResistPoison',	'Poison Resistance',	0,	'magnitude',	0.250000,	0.250000,	'Resist <mag>% of poison effects for <dur> seconds.',	0,	0),
('0003EAEC',	'RQ',	'AlchResistShock',	'Shockbane',	0,	'magnitude',	0.250000,	0.250000,	'Resist <mag>% of shock damage for <dur> seconds.',	0,	0),
('0003EB15',	'RQ',	'AlchRestoreHealth',	'Healing',	0,	'magnitude',	0.250000,	0.250000,	'Restores <mag> points of Health for <dur> seconds.',	0,	0),
('0003EB17',	'RQ',	'AlchRestoreMagicka',	'Magicka',	0,	'magnitude',	0.300000,	0.300000,	'Restores <mag> points of Magicka for <dur> seconds.',	0,	0),
('0003EB16',	'RQ',	'AlchRestoreStamina',	'Stamina',	0,	'magnitude',	0.300000,	0.300000,	'Restores <mag> Stamina for <dur> seconds.',	0,	0),
('0003AC2D',	'RQ',	'AlchWaterbreathing',	'Waterbreathing',	0,	'duration',	15.000000,	15.000000,	'The imbiber grants the ability to breathe underwater for <dur> seconds.',	0,	0),
('00073F2D',	'RQ',	'AlchWeaknessFire',	'Pyrolysis',	1,	'magnitude',	0.300000,	0.300000,	'The target is <mag>% weaker to fire damage for <dur> seconds.',	0,	0),
('00073F2E',	'RQ',	'AlchWeaknessFrost',	'Cryolysis',	1,	'magnitude',	0.250000,	0.250000,	'The target is <mag>% weaker to frost damage for <dur> seconds.',	0,	0),
('00073F51',	'RQ',	'AlchWeaknessMagic',	'Arcane Disruption',	1,	'magnitude',	0.500000,	0.500000,	'The target is <mag>% weaker to magic for <dur> seconds.',	0,	0),
('00090042',	'RQ',	'AlchWeaknessPoison',	'Toxicity',	1,	'magnitude',	0.500000,	0.500000,	'The target is <mag>% weaker to poison for <dur> seconds.',	0,	0),
('00073F2F',	'RQ',	'AlchWeaknessShock',	'Electrolysis',	1,	'magnitude',	0.350000,	0.350000,	'The target is <mag>% weaker to shock damage for <dur> seconds.',	0,	0),
('0320B30F',	'RQ',	'SoulTrapFFActorPoison',	'Soulreaping',	0,	'duration',	15.000000,	15.000000,	'The caster makes the target vulnerable to soul gems for <dur> seconds. If it dies within this duration, a part of its soul can be captured in a gem of an appropriate size.',	0,	0),
('000AE722',	'RR',	'AlchCureDisease',	'Vitality',	0,	'magnitude',	0.707600,	0.250000,	'Removes almost every disease, poison and temporary magic effect.',	1,	0),
('0003EB42',	'RR',	'AlchDamageHealth',	'Affliction',	1,	'magnitude',	1.500000,	1.500000,	'Immediately causes <mag> points of poison damage.',	0,	0),
('0010AA4A',	'RR',	'AlchDamageHealthDuration',	'Decay',	1,	'magnitude',	1.110000,	1.500000,	'Drains the target\'s Health by <mag> points per second for <dur> seconds.',	0,	0),
('00073F26',	'RR',	'AlchDamageHealthRavage',	'Ravage Health',	1,	'magnitude',	0.025000,	0.250000,	'Temporarily reduces the target\'s maximum health by <mag> points for <dur> seconds.',	0,	0),
('0003A2B6',	'RR',	'AlchDamageMagicka',	'Spellbane',	1,	'magnitude',	0.190000,	1.100000,	'Immediately drains the target\'s Magicka by <mag> points.',	0,	0),
('0010DE5F',	'RR',	'AlchDamageMagickaDuration',	'Spellfade (Damage Undead 2)',	1,	'magnitude',	0.600000,	5.000000,	'Drains the target\'s Magicka by <mag> points per second for <dur> seconds.',	0,	0),
('00073F2B',	'RR',	'AlchDamageMagickaRate',	'Damage Magicka Regen',	1,	'duration',	0.020000,	0.250000,	'Decrease the target\'s Magicka regeneration by <mag>% for <dur> seconds.',	0,	0),
('00073F27',	'RR',	'AlchDamageMagickaRavage',	'Spellfreeze (Silence)',	1,	'magnitude',	0.500000,	0.500000,	'Temporarily reduces the target\'s maximum magicka by <mag> points for <dur> seconds.',	0,	0),
('00073F25',	'RR',	'AlchDamageSpeed',	'Tardiness',	1,	'duration',	0.055000,	0.500000,	'Target moves <mag>% slower for <dur> seconds.',	0,	0),
('000FFA05',	'VN',	'AlchRestoreStaminaAll ',	'Restore Stamina All',	0,	'magnitude',	0.006000,	0.000000,	'Completely restore stamina.',	0,	1),
('0003A2C6',	'RR',	'AlchDamageStamina',	'Exhaustion',	1,	'magnitude',	0.150000,	0.900000,	'Immediately drains the target\'s Stamina by <mag> points for duration <dur>.',	0,	0),
('0010DE5E',	'RR',	'AlchDamageStaminaDuration',	'Effeteness (Damage Undead)',	1,	'magnitude',	0.900000,	0.900000,	'Drain the target\'s Stamina by <mag> points per second for <dur> seconds.',	0,	0),
('00073F2C',	'RR',	'AlchDamageStaminaRate',	'Damage Stamina Regen',	1,	'duration',	0.300000,	0.300000,	'Decrease the target\'s Stamina regeneration by <mag>% for <dur> seconds.',	0,	0),
('00073F23',	'RR',	'AlchDamageStaminaRavage',	'Enervation (Fatigue)',	1,	'magnitude',	0.800000,	0.800000,	'Temporarily reduces the target\'s maximum stamina by <mag> points for <dur> seconds.',	0,	0),
('0003EB24',	'RR',	'AlchFortifyAlteration',	'Ably Transmuting',	0,	'magnitude',	0.250000,	0.250000,	'Alteration spells last <mag>% longer for <dur> seconds.',	0,	0),
('0003EB23',	'RR',	'AlchFortifyBarter',	'Fortify Barter',	0,	'magnitude',	0.100000,	1.000000,	'You haggle for <mag>% better prices for <dur> seconds.',	1,	0),
('0003EB1C',	'RR',	'AlchFortifyBlock',	'Ably Blocking',	0,	'magnitude',	0.028000,	0.250000,	'Blocking absorbs <mag>% more damage for <dur> seconds.',	0,	0),
('0003EB01',	'RR',	'AlchFortifyCarryWeight',	'Featherweight',	0,	'magnitude',	0.072500,	0.072500,	'Carrying capacity increases by <mag> for <dur> seconds.',	0,	0),
('0003EB25',	'RR',	'AlchFortifyConjuration',	'Ably Conjuring',	0,	'magnitude',	0.250000,	0.250000,	'Conjuration spells last <mag>% longer for <dur> seconds.',	0,	0),
('0003EB26',	'RR',	'AlchFortifyDestruction',	'Ably Destroying',	0,	'magnitude',	0.250000,	0.250000,	'Destruction spells are <mag>% stronger for <dur> seconds.',	0,	0),
('0003EB29',	'RR',	'AlchFortifyEnchanting',	'Ably Enchanting',	0,	'magnitude',	0.250000,	0.250000,	'Items are enchanted <mag>% stronger for <dur> seconds.',	0,	0),
('0003EB06',	'RR',	'AlchFortifyHealRate',	'Regeneration',	0,	'magnitude',	0.005000,	0.050000,	'Health regenerates <mag>% faster for <dur> seconds.',	0,	0),
('0003EAF3',	'RR',	'AlchFortifyHealth',	'Rigidity',	0,	'magnitude',	0.200000,	0.200000,	'Health is increased by <mag> points for <dur> seconds.',	0,	0),
('0003EB1E',	'RR',	'AlchFortifyHeavyArmor',	'Stoneskin (H)',	0,	'magnitude',	0.250000,	0.250000,	'Increases armor rating by <mag> points for <dur> seconds.',	0,	0),
('0003EB27',	'RR',	'AlchFortifyIllusion',	'Ably Deceiving',	0,	'magnitude',	0.250000,	0.250000,	'Illusion spells are <mag>% stronger for <dur> seconds.',	0,	0),
('0003EB1F',	'RR',	'AlchFortifyLightArmor',	'Stoneskin (L)',	0,	'magnitude',	0.250000,	0.250000,	'Increases armor rating by <mag> points for <dur> seconds.',	0,	0),
('0003EB21',	'RR',	'AlchFortifyLockpicking',	'Ably Lockpicking',	0,	'magnitude',	0.250000,	0.250000,	'Lockpicking is <mag>% easier for <dur> seconds.',	0,	0),
('0003EAF8',	'RR',	'AlchFortifyMagicka',	'Spellpower',	0,	'magnitude',	0.150000,	0.150000,	'Magicka is increased by <mag> points for <dur> seconds.',	0,	0),
('0003EB07',	'RR',	'AlchFortifyMagickaRate',	'Spellflux',	0,	'magnitude',	0.100000,	0.100000,	'Magicka regenerates <mag>% faster for <dur> seconds.',	0,	0),
('0003EB1B',	'RR',	'AlchFortifyMarksman',	'Ably Aiming',	0,	'magnitude',	0.095000,	0.250000,	'Ranged weapons deal <mag>% more damage for <dur> seconds.',	1,	0),
('0003EB19',	'RR',	'AlchFortifyOneHanded',	'Ably Fighting',	0,	'magnitude',	0.250000,	0.250000,	'One-handed weapons do <mag>% more damage for <dur> seconds.',	0,	0),
('000D6947',	'RR',	'AlchFortifyPersuasion',	'Ably Persuading',	0,	'magnitude',	0.250000,	0.250000,	'Increases the imbiber\'s speech craft by <mag> percent.',	0,	0),
('0003EB20',	'RR',	'AlchFortifyPickpocket',	'Ably Pickpocketing',	0,	'magnitude',	0.087000,	0.250000,	'Pickpocketing is <mag>% easier for <dur> seconds.',	1,	0),
('0003EB28',	'RR',	'AlchFortifyRestoration',	'Ably Restoring',	0,	'magnitude',	0.250000,	0.250000,	'Restoration spells are <mag>% stronger for <dur> seconds.',	0,	0),
('0003EB1D',	'RR',	'AlchFortifySmithing',	'Ably Smithing',	0,	'magnitude',	0.250000,	0.250000,	'Weapon and armor improving is <mag>% better for <dur> seconds.',	0,	0),
('0003EB22',	'RR',	'AlchFortifySneak',	'Ably Sneaking',	0,	'magnitude',	0.250000,	0.250000,	'You are <mag>% harder to detect for <dur> seconds.',	0,	0),
('0003EAF9',	'RR',	'AlchFortifyStamina',	'Fortify Stamina',	0,	'magnitude',	0.150000,	0.150000,	'Stamina is increased by <mag> points for <dur> seconds.',	0,	0),
('0003EB08',	'RR',	'AlchFortifyStaminaRate',	'Spiritedness',	0,	'magnitude',	0.050000,	0.050000,	'Stamina regenerates <mag>% faster for <dur> seconds.',	0,	0),
('0003EB1A',	'RR',	'AlchFortifyTwoHanded',	'Ably Berserking',	0,	'magnitude',	0.250000,	0.250000,	'Two-handed weapons do <mag>% more damage for <dur> seconds.',	0,	0),
('00073F29',	'RR',	'AlchInfluenceAggUp',	'Frenzy',	1,	'magnitude',	0.750000,	7.500000,	'Creatures and people up to level <mag> will attack anything nearby for <dur> seconds.',	1,	0),
('00073F20',	'RR',	'AlchInfluenceConfDown',	'Fear',	1,	'magnitude',	2.500000,	2.500000,	'Creatures and people up to level <mag> flee from combat for <dur> seconds.',	0,	0),
('0003EB3D',	'RR',	'AlchInvisibillity',	'Invisibility',	0,	'duration',	50.000000,	50.000000,	'Grants invisibility for <dur> seconds.',	0,	0),
('00073F30',	'RR',	'AlchParalysis',	'Paralysis',	1,	'duration',	250.000000,	250.000000,	'The target is paralyzed for <dur> seconds.',	0,	0),
('0003EAEA',	'RR',	'AlchResistFire',	'Flamebane',	0,	'magnitude',	0.250000,	0.250000,	'Resist <mag>% of fire damage for <dur> seconds.',	0,	0),
('0003EAEB',	'RR',	'AlchResistFrost',	'Icebane',	0,	'magnitude',	0.250000,	0.250000,	'Resist <mag>% of frost damage for <dur> seconds.',	0,	0),
('00039E51',	'RR',	'AlchResistMagic',	'Spellshield',	0,	'magnitude',	0.500000,	0.500000,	'Resist <mag>% of magic for <dur> seconds.',	0,	0),
('00090041',	'RR',	'AlchResistPoison',	'Poison Resistance',	0,	'magnitude',	0.250000,	0.250000,	'Resist <mag>% of poison effects for <dur> seconds.',	0,	0),
('0003EAEC',	'RR',	'AlchResistShock',	'Shockbane',	0,	'magnitude',	0.250000,	0.250000,	'Resist <mag>% of shock damage for <dur> seconds.',	0,	0),
('0003EB15',	'RR',	'AlchRestoreHealth',	'Healing',	0,	'magnitude',	0.250000,	0.250000,	'Restores <mag> points of Health for <dur> seconds.',	0,	0),
('0003EB17',	'RR',	'AlchRestoreMagicka',	'Magicka',	0,	'magnitude',	0.300000,	0.300000,	'Restores <mag> points of Magicka for <dur> seconds.',	0,	0),
('0003EB16',	'RR',	'AlchRestoreStamina',	'Stamina',	0,	'magnitude',	0.300000,	0.300000,	'Restores <mag> Stamina for <dur> seconds.',	0,	0),
('0003AC2D',	'RR',	'AlchWaterbreathing',	'Waterbreathing',	0,	'duration',	15.000000,	15.000000,	'The imbiber grants the ability to breathe underwater for <dur> seconds.',	0,	0),
('00073F2D',	'RR',	'AlchWeaknessFire',	'Pyrolysis',	1,	'magnitude',	0.300000,	0.300000,	'The target is <mag>% weaker to fire damage for <dur> seconds.',	0,	0),
('00073F2E',	'RR',	'AlchWeaknessFrost',	'Cryolysis',	1,	'magnitude',	0.250000,	0.250000,	'The target is <mag>% weaker to frost damage for <dur> seconds.',	0,	0),
('00073F51',	'RR',	'AlchWeaknessMagic',	'Arcane Disruption',	1,	'magnitude',	0.500000,	0.500000,	'The target is <mag>% weaker to magic for <dur> seconds.',	0,	0),
('00090042',	'RR',	'AlchWeaknessPoison',	'Toxicity',	1,	'magnitude',	0.500000,	0.500000,	'The target is <mag>% weaker to poison for <dur> seconds.',	0,	0),
('00073F2F',	'RR',	'AlchWeaknessShock',	'Electrolysis',	1,	'magnitude',	0.350000,	0.350000,	'The target is <mag>% weaker to shock damage for <dur> seconds.',	0,	0),
('034F6D1D',	'RR',	'DisDamageHealthVampireAlch',	'Sanguinare Vampiris',	0,	'duration',	5.000000,	5.000000,	'Consuming the remains of a vampire will likely cause Sanguinare Vampiris. Also, it will lead to even more severe symptoms, slaying all but the toughest mortals instantly...',	0,	0),
('0320B30F',	'RR',	'SoulTrapFFActorPoison',	'Soulreaping',	0,	'duration',	15.000000,	15.000000,	'The caster makes the target vulnerable to soul gems for <dur> seconds. If it dies within this duration, a part of its soul can be captured in a gem of an appropriate size.',	0,	0),
('000FFA05',	'RQ',	'AlchRestoreStaminaAll ',	'Restore Stamina All',	0,	'magnitude',	0.006000,	0.000000,	'Completely restore stamina.',	0,	1),
('000FFA05',	'RR',	'AlchRestoreStaminaAll ',	'Restore Stamina All',	0,	'magnitude',	0.006000,	0.000000,	'Completely restore stamina.',	0,	1),
('000FFA05',	'PH',	'AlchRestoreStaminaAll ',	'Restore Stamina All',	0,	'magnitude',	0.006000,	0.000000,	'Completely restore stamina.',	0,	1),
('000FFA04',	'VN',	'AlchRestoreMagickaAll',	'Restore Magicka All',	0,	'magnitude',	0.006000,	0.000000,	'Completely restore magicka.',	0,	1),
('000FFA04',	'PH',	'AlchRestoreMagickaAll',	'Restore Magicka All',	0,	'magnitude',	0.006000,	0.000000,	'Completely restore magicka.',	0,	1),
('000FFA04',	'RQ',	'AlchRestoreMagickaAll',	'Restore Magicka All',	0,	'magnitude',	0.006000,	0.000000,	'Completely restore magicka.',	0,	1),
('000FFA04',	'RR',	'AlchRestoreMagickaAll',	'Restore Magicka All',	0,	'magnitude',	0.006000,	0.000000,	'Completely restore magicka.',	0,	1),
('000FFA03',	'VN',	'AlchRestoreHealthAll',	'Restore Health All',	0,	'magnitude',	0.010000,	0.000000,	'Completely restore Health.',	0,	1),
('000FFA03',	'PH',	'AlchRestoreHealthAll',	'Restore Health All',	0,	'magnitude',	0.010000,	0.000000,	'Completely restore Health.',	0,	1),
('000FFA03',	'RQ',	'AlchRestoreHealthAll',	'Restore Health All',	0,	'magnitude',	0.010000,	0.000000,	'Completely restore Health.',	0,	1),
('000FFA03',	'RR',	'AlchRestoreHealthAll',	'Restore Health All',	0,	'magnitude',	0.010000,	0.000000,	'Completely restore Health.',	0,	1);

DROP TABLE IF EXISTS `ingredients`;
CREATE TABLE `ingredients` (
  `id` char(8) NOT NULL,
  `name` varchar(50) NOT NULL,
  `dlc` char(2) NOT NULL,
  `rarity` smallint(1) unsigned NOT NULL,
  `rnew` smallint(1) unsigned NOT NULL,
  `vPrice` smallint(5) unsigned NOT NULL,
  `rPrice` smallint(5) unsigned NOT NULL,
  PRIMARY KEY (`id`),
  UNIQUE KEY `name` (`name`)
) ENGINE=MyISAM DEFAULT CHARSET=utf8;

INSERT INTO `ingredients` (`id`, `name`, `dlc`, `rarity`, `rnew`, `vPrice`, `rPrice`) VALUES
('xx03CD8E',	'Felsaad Tern Feathers',	'DB',	0,	0,	0,	0),
('0006BC00',	'Mudcrab Chitin',	'VN',	2,	0,	2,	7),
('0003AD76',	'Vampire Dust',	'VN',	3,	0,	25,	250),
('00052695',	'Charred Skeever Hide',	'VN',	3,	0,	1,	1),
('000E7ED0',	'Hawk Feathers',	'VN',	3,	4,	15,	10),
('0001BCBC',	'Jarrin Root',	'VN',	5,	0,	10,	600),
('00106E1A',	'River Betty',	'VN',	2,	0,	15,	15),
('00059B86',	'Nirnroot',	'VN',	3,	0,	10,	100),
('000B701A',	'Crimson Nirnroot',	'VN',	4,	0,	10,	250),
('000516C8',	'Deathbell',	'VN',	1,	0,	4,	4),
('0003AD63',	'Ectoplasm',	'VN',	3,	0,	25,	25),
('xx01FF75',	'Emperor Parasol Moss',	'DB',	5,	0,	0,	0),
('0003AD5D',	'Falmer Ear',	'VN',	3,	0,	10,	10),
('001016B3',	'Human Flesh',	'VN',	5,	0,	1,	1),
('000B18CD',	'Human Heart',	'VN',	5,	0,	1,	1),
('0004DA23',	'Imp Stool',	'VN',	1,	0,	1,	12),
('0002F44C',	'Nightshade',	'VN',	2,	0,	8,	8),
('xx0185FB',	'Poison Bloom',	'DG',	4,	5,	5,	5),
('00077E1D',	'Red Mountain Flower',	'VN',	1,	0,	2,	1),
('0003AD6F',	'Skeever Tail',	'VN',	2,	0,	3,	3),
('0006BC0B',	'Small Antlers',	'VN',	3,	0,	2,	15),
('0003AD72',	'Troll Fat',	'VN',	3,	0,	15,	25),
('0003AD60',	'Void Salts',	'VN',	4,	0,	125,	500),
('000727E0',	'Butterfly Wing',	'VN',	2,	0,	3,	3),
('0003AD56',	'Chaurus Eggs',	'VN',	2,	3,	10,	10),
('0003AD5B',	'Daedra Heart',	'VN',	5,	0,	250,	1500),
('0006BC07',	'Eye of Sabre Cat',	'VN',	3,	0,	2,	2),
('0003AD73',	'Glow Dust',	'VN',	3,	0,	20,	20),
('0003AD66',	'Hagraven Feathers',	'VN',	4,	0,	20,	20),
('00057F91',	'Hanging Moss',	'VN',	1,	0,	1,	1),
('000727DF',	'Luna Moth Wing',	'VN',	2,	0,	5,	5),
('0004DA24',	'Namira\'s Rot',	'VN',	1,	0,	0,	12),
('0007EDF5',	'Nordic Barnacle',	'VN',	1,	0,	5,	5),
('xx017008',	'Trama Root',	'DB',	0,	0,	0,	0),
('xx0059BA',	'Ancestor Moth Wing',	'DG',	2,	0,	2,	2),
('0006BC02',	'Bear Claws',	'VN',	3,	0,	2,	2),
('000727DE',	'Blue Butterfly Wing',	'VN',	2,	0,	2,	2),
('00077E1C',	'Blue Mountain Flower',	'VN',	1,	0,	2,	1),
('xx01CD6E',	'Burnt Spriggan Wood',	'DB',	0,	0,	0,	0),
('xx0183B7',	'Chaurus Hunter Antennae',	'DG',	3,	4,	2,	2),
('00023D77',	'Chicken\'s Egg',	'VN',	3,	0,	2,	2),
('xx00F1CC',	'Hawk\'s Egg',	'HF',	0,	0,	0,	0),
('0009151B',	'Spider Egg',	'VN',	2,	3,	5,	5),
('00063B5F',	'Spriggan Sap',	'VN',	4,	0,	15,	50),
('xx01CD74',	'Ash Creep Cluster',	'DB',	0,	0,	0,	0),
('000705B7',	'Berit\'s Ashes',	'VN',	4,	0,	5,	5),
('0004DA25',	'Blisterwort',	'VN',	1,	0,	12,	12),
('00034CDD',	'Bone Meal',	'VN',	2,	0,	5,	5),
('0006ABCB',	'Canis Root',	'VN',	2,	1,	5,	15),
('00106E19',	'Cyrodilic Spadetail',	'VN',	2,	0,	15,	15),
('0003AD64',	'Giant\'s Toe',	'VN',	4,	4,	20,	20),
('0007E8C8',	'Rock Warbler Egg',	'VN',	3,	0,	2,	2),
('000B2183',	'Creep Cluster',	'VN',	1,	0,	1,	1),
('00034D32',	'Frost Mirriam',	'VN',	2,	1,	1,	1),
('00106E18',	'Histcarp',	'VN',	2,	0,	6,	6),
('0005076E',	'Juniper Berries',	'VN',	1,	0,	1,	1),
('0006BC0A',	'Large Antlers',	'VN',	3,	0,	2,	25),
('00106E1C',	'Silverside Perch',	'VN',	2,	0,	15,	15),
('0004B0BA',	'Wheat',	'VN',	1,	0,	5,	1),
('xx002A78',	'Yellow Mountain Flower',	'DG',	4,	0,	2,	1),
('000E4F0C',	'Blue Dartwing',	'VN',	2,	0,	1,	1),
('xx00B097',	'Gleamblossom',	'DG',	3,	4,	5,	5),
('xx01CD72',	'Netch Jelly',	'DB',	0,	0,	0,	0),
('0006BC10',	'Powdered Mammoth Tusk',	'VN',	5,	4,	2,	25),
('00083E64',	'Grass Pod',	'VN',	1,	0,	1,	1),
('000889A2',	'Dragon\'s Tongue',	'VN',	1,	0,	5,	5),
('0006B689',	'Hagraven Claw',	'VN',	4,	0,	20,	20),
('0003F7F8',	'Tundra Cotton',	'VN',	1,	0,	1,	1),
('0004DA20',	'Bleeding Crown',	'VN',	1,	0,	10,	10),
('xx01CD6F',	'Boar Tusk',	'DB',	0,	0,	0,	0),
('000854FE',	'Pearl',	'VN',	5,	4,	2,	40),
('0003AD70',	'Slaughterfish Scales',	'VN',	2,	3,	3,	3),
('0003AD61',	'Briar Heart',	'VN',	4,	0,	20,	100),
('000B08C5',	'Honeycomb',	'VN',	4,	4,	5,	12),
('000E7EBC',	'Hawk Beak',	'VN',	4,	0,	15,	15),
('0006F950',	'Scaly Pholiota',	'VN',	2,	0,	4,	4),
('0006BC0E',	'Wisp Wrappings',	'VN',	4,	5,	2,	30),
('0003AD5F',	'Frost Salts',	'VN',	4,	0,	100,	400),
('00045C28',	'Lavender',	'VN',	1,	0,	1,	5),
('000A9191',	'Beehive Husk',	'VN',	3,	0,	5,	5),
('0007EE01',	'Glowing Mushroom',	'VN',	1,	0,	5,	5),
('0001B3BD',	'Snowberries',	'VN',	1,	0,	4,	1),
('xx01CD6D',	'Spawn Ash',	'DB',	0,	0,	0,	0),
('0003AD6A',	'Ice Wraith Teeth',	'VN',	3,	0,	30,	30),
('0006BC04',	'Sabre Cat Tooth',	'VN',	3,	0,	2,	2),
('000134AA',	'Thistle Branch',	'VN',	1,	0,	1,	1),
('0004DA22',	'White Cap',	'VN',	1,	0,	0,	12),
('000F11C0',	'Dwarven Oil',	'VN',	3,	0,	15,	50),
('000EC870',	'Mora Tapinella',	'VN',	1,	0,	4,	4),
('0003AD71',	'Taproot',	'VN',	3,	0,	15,	15),
('xx01CD71',	'Ash Hopper Jelly',	'DB',	0,	0,	0,	0),
('xx016E26',	'Ashen Grass Pod',	'DB',	0,	0,	0,	0),
('00023D6F',	'Pine Thrush Egg',	'VN',	3,	0,	2,	2),
('0006AC4A',	'Jazbay Grapes',	'VN',	1,	0,	1,	1),
('xx003545',	'Salmon Roe',	'HF',	2,	2,	0,	0),
('00034D31',	'Elves Ear',	'VN',	2,	1,	10,	10),
('00085500',	'Small Pearl',	'VN',	4,	0,	2,	35),
('000BB956',	'Orange Dartwing',	'VN',	2,	0,	1,	1),
('0007E8C5',	'Slaughterfish Egg',	'VN',	1,	0,	3,	3),
('00106E1B',	'Abecean Longfin',	'VN',	2,	0,	15,	15),
('00034CDF',	'Salt Pile',	'VN',	1,	0,	2,	2),
('00077E1E',	'Purple Mountain Flower',	'VN',	1,	0,	2,	1),
('00034D22',	'Garlic',	'VN',	2,	1,	1,	10),
('0004DA73',	'Torchbug Thorax',	'VN',	2,	0,	1,	1),
('0004DA00',	'Fly Amanita',	'VN',	1,	0,	2,	2),
('xx017E97',	'Scathecraw',	'DB',	0,	0,	0,	0),
('0007E8B7',	'Swamp Fungal Pod',	'VN',	1,	0,	5,	5),
('0007E8C1',	'Giant Lichen',	'VN',	1,	0,	5,	5),
('000A9195',	'Bee',	'VN',	2,	0,	3,	3),
('0003AD5E',	'Fire Salts',	'VN',	4,	0,	50,	250),
('000D8E3F',	'Moon Sugar',	'VN',	4,	0,	50,	50),
('xx04365F',	'Bear Heart',	'RQ',	3,	0,	0,	40),
('xx043663',	'Claws',	'RQ',	3,	0,	0,	2),
('xx3AB3C5',	'Blue Glitterdust',	'RQ',	4,	0,	0,	100),
('xx0972E6',	'Jon\'s Giant Abecean Longfin',	'RQ',	5,	0,	0,	500),
('xx043661',	'Mammoth Heart',	'RQ',	4,	0,	0,	250),
('xx07524B',	'Strange Remains',	'RQ',	5,	0,	0,	850),
('xx44C4A8',	'Venomous Spittle',	'RQ',	3,	0,	0,	50),
('xx04365E',	'Wolf Heart',	'RQ',	2,	0,	0,	25),
('xx3AB3BC',	'Red Glitterdust',	'RQ',	4,	0,	0,	50),
('xx034E09',	'Horker Fat',	'RQ',	2,	0,	0,	25),
('xx043665',	'Sabre Cat Heart',	'RQ',	3,	0,	0,	35),
('00074A19',	'Salt Pile 2 Secret',	'VN',	1,	1,	0,	0),
('xx065314',	'Sabre Cat Eye',	'RQ',	0,	0,	0,	0);

DROP TABLE IF EXISTS `ingredients_effects`;
CREATE TABLE `ingredients_effects` (
  `id` char(8) NOT NULL,
  `effectId` char(8) NOT NULL,
  `dlc` char(2) NOT NULL,
  `idx` tinyint(1) NOT NULL DEFAULT '1',
  `magnitude` decimal(12,8) NOT NULL,
  `duration` int(10) unsigned NOT NULL,
  PRIMARY KEY (`id`,`effectId`,`dlc`)
) ENGINE=MyISAM DEFAULT CHARSET=utf8;

INSERT INTO `ingredients_effects` (`id`, `effectId`, `dlc`, `idx`, `magnitude`, `duration`) VALUES
('xx03CD8E',	'000AE722',	'VN',	1,	5.00000000,	0),
('0006BC00',	'000AE722',	'VN',	1,	5.00000000,	0),
('0003AD76',	'000AE722',	'VN',	1,	5.00000000,	0),
('00052695',	'000AE722',	'VN',	1,	5.00000000,	0),
('000E7ED0',	'000AE722',	'VN',	1,	5.00000000,	0),
('xx04365E',	'0003A2B6',	'RR',	2,	3.00000000,	0),
('00106E1A',	'0003EB42',	'VN',	1,	5.00000000,	1),
('00059B86',	'0003EB42',	'VN',	1,	2.00000000,	0),
('000B701A',	'0003EB42',	'VN',	1,	6.00000000,	1),
('000516C8',	'0003EB42',	'VN',	1,	3.00000000,	1),
('0003AD63',	'0003EB42',	'VN',	1,	2.00000000,	1),
('xx01FF75',	'0003EB42',	'VN',	1,	2.00000000,	1),
('0003AD5D',	'0003EB42',	'VN',	1,	2.00000000,	1),
('001016B3',	'0003EB42',	'VN',	1,	2.00000000,	1),
('000B18CD',	'0003EB42',	'VN',	1,	2.00000000,	1),
('0004DA23',	'0003EB42',	'VN',	1,	2.00000000,	1),
('0002F44C',	'0003EB42',	'VN',	1,	2.00000000,	1),
('xx0185FB',	'0003EB42',	'VN',	1,	3.00000000,	1),
('00077E1D',	'0003EB42',	'VN',	1,	2.00000000,	1),
('0003AD6F',	'0003EB42',	'VN',	1,	2.00000000,	1),
('0006BC0B',	'0003EB42',	'VN',	1,	2.00000000,	1),
('0003AD72',	'0003EB42',	'VN',	1,	2.00000000,	1),
('0003AD60',	'0003EB42',	'VN',	1,	2.00000000,	1),
('000727E0',	'0003A2B6',	'VN',	1,	3.00000000,	0),
('0003AD56',	'0003A2B6',	'VN',	1,	3.00000000,	0),
('0003AD5B',	'0003A2B6',	'VN',	1,	3.00000000,	0),
('0006BC07',	'0003A2B6',	'VN',	1,	3.00000000,	0),
('0003AD73',	'0003A2B6',	'VN',	1,	3.00000000,	0),
('0003AD66',	'0003A2B6',	'VN',	1,	3.00000000,	0),
('00057F91',	'0003A2B6',	'VN',	1,	3.00000000,	0),
('000B18CD',	'0003A2B6',	'VN',	1,	3.00000000,	0),
('0001BCBC',	'0003EB42',	'VN',	1,	200.00000000,	1),
('000727DF',	'0003A2B6',	'VN',	1,	3.00000000,	0),
('0004DA24',	'0003A2B6',	'VN',	1,	3.00000000,	0),
('0007EDF5',	'0003A2B6',	'VN',	1,	3.00000000,	0),
('xx017008',	'0003A2B6',	'VN',	1,	3.00000000,	0),
('xx0059BA',	'00073F2B',	'VN',	1,	100.00000000,	5),
('0006BC02',	'00073F2B',	'VN',	1,	100.00000000,	5),
('000727DE',	'00073F2B',	'VN',	1,	100.00000000,	5),
('00077E1C',	'00073F2B',	'VN',	1,	100.00000000,	5),
('xx01CD6E',	'00073F2B',	'VN',	1,	100.00000000,	5),
('xx0183B7',	'00073F2B',	'VN',	1,	100.00000000,	5),
('00023D77',	'00073F2B',	'VN',	1,	100.00000000,	5),
('0003AD73',	'00073F2B',	'VN',	1,	100.00000000,	5),
('00057F91',	'00073F2B',	'VN',	1,	100.00000000,	5),
('xx00F1CC',	'00073F2B',	'VN',	1,	100.00000000,	5),
('000B18CD',	'00073F2B',	'VN',	1,	100.00000000,	5),
('0001BCBC',	'00073F2B',	'PH',	1,	100.00000000,	5),
('0002F44C',	'00073F2B',	'VN',	1,	100.00000000,	5),
('0009151B',	'00073F2B',	'VN',	1,	100.00000000,	5),
('00063B5F',	'00073F2B',	'VN',	1,	100.00000000,	5),
('000B701A',	'0003A2C6',	'VN',	1,	9.00000000,	0),
('xx0059BA',	'0003A2C6',	'VN',	1,	3.00000000,	0),
('xx01CD74',	'0003A2C6',	'VN',	1,	3.00000000,	0),
('000705B7',	'0003A2C6',	'VN',	1,	3.00000000,	0),
('0004DA25',	'0003A2C6',	'VN',	1,	3.00000000,	0),
('000727DE',	'0003A2C6',	'VN',	1,	3.00000000,	0),
('00034CDD',	'0003A2C6',	'VN',	1,	3.00000000,	0),
('0006ABCB',	'0003A2C6',	'VN',	1,	3.00000000,	0),
('xx0183B7',	'0003A2C6',	'VN',	1,	3.00000000,	0),
('00106E19',	'0003A2C6',	'VN',	1,	3.00000000,	0),
('0003AD64',	'0003A2C6',	'VN',	1,	3.00000000,	0),
('0001BCBC',	'0003A2C6',	'VN',	1,	3.00000000,	0),
('00059B86',	'0003A2C6',	'VN',	1,	3.00000000,	0),
('0007E8C8',	'0003A2C6',	'VN',	1,	3.00000000,	0),
('0009151B',	'0003A2C6',	'VN',	1,	3.00000000,	0),
('000B2183',	'00073F2C',	'VN',	1,	100.00000000,	5),
('0003AD5B',	'00073F2C',	'VN',	1,	100.00000000,	5),
('00034D32',	'00073F2C',	'VN',	1,	100.00000000,	5),
('0003AD64',	'00073F2C',	'VN',	1,	100.00000000,	5),
('00106E18',	'00073F2C',	'VN',	1,	100.00000000,	5),
('0005076E',	'00073F2C',	'VN',	1,	100.00000000,	5),
('0006BC0A',	'00073F2C',	'VN',	1,	100.00000000,	5),
('00106E1C',	'00073F2C',	'VN',	1,	100.00000000,	5),
('0003AD6F',	'00073F2C',	'VN',	1,	100.00000000,	5),
('0004B0BA',	'00073F2C',	'VN',	1,	100.00000000,	5),
('xx002A78',	'00073F2C',	'VN',	1,	100.00000000,	5),
('000E4F0C',	'00073F20',	'VN',	1,	1.00000000,	30),
('00106E19',	'00073F20',	'VN',	1,	1.00000000,	30),
('0003AD5B',	'00073F20',	'VN',	1,	1.00000000,	30),
('xx00B097',	'00073F20',	'VN',	1,	1.00000000,	30),
('0004DA24',	'00073F20',	'VN',	1,	1.00000000,	30),
('xx01CD72',	'00073F20',	'VN',	1,	1.00000000,	30),
('xx0185FB',	'00073F20',	'VN',	1,	1.00000000,	30),
('0006BC10',	'00073F20',	'VN',	1,	1.00000000,	30),
('xx01CD6E',	'0003EB24',	'VN',	1,	4.00000000,	60),
('00083E64',	'0003EB24',	'VN',	1,	4.00000000,	60),
('00106E1A',	'0003EB24',	'VN',	1,	4.00000000,	60),
('00063B5F',	'0003EB24',	'VN',	1,	4.00000000,	60),
('000727E0',	'0003EB23',	'VN',	1,	1.00000000,	30),
('000889A2',	'0003EB23',	'VN',	1,	1.00000000,	30),
('0006B689',	'0003EB23',	'VN',	1,	1.00000000,	30),
('0003F7F8',	'0003EB23',	'VN',	1,	1.00000000,	30),
('0004DA20',	'0003EB1C',	'VN',	1,	4.00000000,	60),
('xx01CD6F',	'0003EB1C',	'VN',	1,	4.00000000,	60),
('000854FE',	'0003EB1C',	'VN',	1,	4.00000000,	60),
('0003AD70',	'0003EB1C',	'VN',	1,	4.00000000,	60),
('0003F7F8',	'0003EB1C',	'VN',	1,	4.00000000,	60),
('0003AD61',	'0003EB1C',	'VN',	1,	2.00000000,	60),
('000B08C5',	'0003EB1C',	'VN',	1,	2.00000000,	60),
('000B2183',	'0003EB01',	'VN',	1,	4.00000000,	300),
('0003AD64',	'0003EB01',	'VN',	1,	4.00000000,	300),
('000E7EBC',	'0003EB01',	'VN',	1,	4.00000000,	300),
('xx01CD72',	'0003EB01',	'VN',	1,	4.00000000,	300),
('xx0185FB',	'0003EB01',	'VN',	1,	4.00000000,	300),
('00106E1A',	'0003EB01',	'VN',	1,	4.00000000,	300),
('0006F950',	'0003EB01',	'VN',	1,	4.00000000,	300),
('xx017008',	'0003EB01',	'VN',	1,	4.00000000,	300),
('0006BC0E',	'0003EB01',	'VN',	1,	4.00000000,	300),
('xx0059BA',	'0003EB25',	'VN',	1,	5.00000000,	60),
('000705B7',	'0003EB25',	'VN',	1,	5.00000000,	60),
('000727DE',	'0003EB25',	'VN',	1,	5.00000000,	60),
('00077E1C',	'0003EB25',	'VN',	1,	5.00000000,	60),
('00034CDD',	'0003EB25',	'VN',	1,	5.00000000,	60),
('xx0183B7',	'0003EB25',	'VN',	1,	5.00000000,	60),
('0003AD5F',	'0003EB25',	'VN',	1,	5.00000000,	60),
('0003AD66',	'0003EB25',	'VN',	1,	5.00000000,	60),
('00045C28',	'0003EB25',	'VN',	1,	5.00000000,	60),
('xx01CD74',	'0003EB26',	'VN',	1,	5.00000000,	60),
('000A9191',	'0003EB26',	'VN',	1,	5.00000000,	60),
('0003AD73',	'0003EB26',	'VN',	1,	5.00000000,	60),
('0007EE01',	'0003EB26',	'VN',	1,	5.00000000,	60),
('0006BC0E',	'0003EB26',	'VN',	1,	5.00000000,	60),
('0003AD63',	'0003EB26',	'VN',	1,	4.00000000,	60),
('0002F44C',	'0003EB26',	'VN',	1,	4.00000000,	60),
('xx0059BA',	'0003EB29',	'VN',	1,	1.00000000,	30),
('000727DE',	'0003EB29',	'VN',	1,	1.00000000,	30),
('xx0183B7',	'0003EB29',	'VN',	1,	1.00000000,	30),
('0006B689',	'0003EB29',	'VN',	1,	1.00000000,	30),
('0001B3BD',	'0003EB29',	'VN',	1,	1.00000000,	30),
('xx01CD6D',	'0003EB29',	'VN',	1,	1.00000000,	30),
('00063B5F',	'0003EB29',	'VN',	1,	1.00000000,	30),
('xx01CD6F',	'0003EAF3',	'VN',	1,	4.00000000,	60),
('0003AD64',	'0003EAF3',	'VN',	1,	4.00000000,	300),
('0006BC02',	'0003EAF3',	'VN',	1,	4.00000000,	60),
('00077E1C',	'0003EAF3',	'VN',	1,	4.00000000,	60),
('0007EE01',	'0003EAF3',	'VN',	1,	4.00000000,	60),
('00057F91',	'0003EAF3',	'VN',	1,	4.00000000,	60),
('0004B0BA',	'0003EAF3',	'VN',	1,	4.00000000,	60),
('xx002A78',	'0003EAF3',	'VN',	1,	4.00000000,	60),
('0003AD6A',	'0003EB1E',	'VN',	1,	2.00000000,	60),
('0006BC04',	'0003EB1E',	'VN',	1,	2.00000000,	60),
('0003AD70',	'0003EB1E',	'VN',	1,	2.00000000,	60),
('000134AA',	'0003EB1E',	'VN',	1,	2.00000000,	60),
('0004DA22',	'0003EB1E',	'VN',	1,	2.00000000,	60),
('000F11C0',	'0003EB27',	'VN',	1,	4.00000000,	60),
('000EC870',	'0003EB27',	'VN',	1,	4.00000000,	60),
('0006F950',	'0003EB27',	'VN',	1,	4.00000000,	60),
('0003AD71',	'0003EB27',	'VN',	1,	4.00000000,	60),
('000889A2',	'0003EB27',	'VN',	1,	1.00000000,	60),
('xx01CD71',	'0003EB1F',	'VN',	1,	2.00000000,	60),
('000A9191',	'0003EB1F',	'VN',	1,	2.00000000,	60),
('xx03CD8E',	'0003EB1F',	'VN',	1,	2.00000000,	60),
('000E7ED0',	'0003EB1F',	'VN',	1,	2.00000000,	60),
('000B08C5',	'0003EB1F',	'VN',	1,	2.00000000,	60),
('000727DF',	'0003EB1F',	'VN',	1,	2.00000000,	60),
('0003AD6F',	'0003EB1F',	'VN',	1,	2.00000000,	60),
('xx016E26',	'0003EB21',	'VN',	1,	2.00000000,	30),
('0003AD5D',	'0003EB21',	'VN',	1,	2.00000000,	30),
('0004DA24',	'0003EB21',	'VN',	1,	2.00000000,	30),
('00023D6F',	'0003EB21',	'VN',	1,	2.00000000,	30),
('0009151B',	'0003EB21',	'VN',	1,	2.00000000,	30),
('0003AD61',	'0003EAF8',	'VN',	1,	4.00000000,	60),
('0003AD63',	'0003EAF8',	'VN',	1,	4.00000000,	60),
('xx01FF75',	'0003EAF8',	'VN',	1,	4.00000000,	60),
('00106E18',	'0003EAF8',	'VN',	1,	4.00000000,	60),
('0006AC4A',	'0003EAF8',	'VN',	1,	4.00000000,	60),
('00077E1D',	'0003EAF8',	'VN',	1,	4.00000000,	60),
('xx003545',	'0003EAF8',	'VN',	1,	4.00000000,	60),
('0003F7F8',	'0003EAF8',	'VN',	1,	4.00000000,	60),
('0003AD60',	'0003EAF8',	'VN',	1,	4.00000000,	60),
('0006ABCB',	'0003EB1B',	'VN',	1,	4.00000000,	60),
('00034D31',	'0003EB1B',	'VN',	1,	4.00000000,	60),
('0005076E',	'0003EB1B',	'VN',	1,	4.00000000,	60),
('0009151B',	'0003EB1B',	'VN',	1,	4.00000000,	60),
('0006BC02',	'0003EB19',	'VN',	1,	4.00000000,	60),
('0006ABCB',	'0003EB19',	'VN',	1,	4.00000000,	60),
('00057F91',	'0003EB19',	'VN',	1,	4.00000000,	60),
('000E7ED0',	'0003EB19',	'VN',	1,	4.00000000,	60),
('0007E8C8',	'0003EB19',	'VN',	1,	4.00000000,	60),
('00085500',	'0003EB19',	'VN',	1,	4.00000000,	60),
('000E4F0C',	'0003EB20',	'VN',	1,	4.00000000,	60),
('0007EDF5',	'0003EB20',	'VN',	1,	4.00000000,	60),
('000BB956',	'0003EB20',	'VN',	1,	4.00000000,	60),
('0007E8C5',	'0003EB20',	'VN',	1,	4.00000000,	60),
('00106E1B',	'0003EB28',	'VN',	1,	4.00000000,	60),
('00106E19',	'0003EB28',	'VN',	1,	4.00000000,	60),
('00034CDF',	'0003EB28',	'VN',	1,	4.00000000,	60),
('0006BC0B',	'0003EB28',	'VN',	1,	4.00000000,	60),
('00085500',	'0003EB28',	'VN',	1,	4.00000000,	60),
('xx002A78',	'0003EB28',	'VN',	1,	4.00000000,	60),
('0004DA25',	'0003EB1D',	'VN',	1,	4.00000000,	30),
('0007EE01',	'0003EB1D',	'VN',	1,	4.00000000,	30),
('0006BC04',	'0003EB1D',	'VN',	1,	4.00000000,	30),
('00063B5F',	'0003EB1D',	'VN',	1,	4.00000000,	30),
('00106E1B',	'0003EB22',	'VN',	1,	4.00000000,	60),
('xx016E26',	'0003EB22',	'VN',	1,	4.00000000,	60),
('00034D32',	'0003EB22',	'VN',	1,	4.00000000,	60),
('000E7ED0',	'0003EB22',	'VN',	1,	4.00000000,	60),
('001016B3',	'0003EB22',	'VN',	1,	4.00000000,	60),
('0006BC10',	'0003EB22',	'VN',	1,	4.00000000,	60),
('00077E1E',	'0003EB22',	'VN',	1,	4.00000000,	60),
('000A9191',	'0003EB22',	'VN',	1,	2.00000000,	60),
('xx01CD6F',	'0003EAF9',	'VN',	1,	5.00000000,	60),
('0003AD56',	'0003EAF9',	'VN',	1,	4.00000000,	60),
('00034D22',	'0003EAF9',	'VN',	1,	4.00000000,	60),
('0006BC0A',	'0003EAF9',	'VN',	1,	4.00000000,	60),
('00045C28',	'0003EAF9',	'VN',	1,	4.00000000,	60),
('0007E8C5',	'0003EAF9',	'VN',	1,	4.00000000,	60),
('0004DA73',	'0003EAF9',	'VN',	1,	4.00000000,	60),
('000889A2',	'0003EB1A',	'VN',	1,	4.00000000,	60),
('xx01FF75',	'0003EB1A',	'VN',	1,	4.00000000,	60),
('0004DA00',	'0003EB1A',	'VN',	1,	4.00000000,	60),
('0003AD72',	'0003EB1A',	'VN',	1,	4.00000000,	60),
('0004DA25',	'00073F29',	'VN',	1,	1.00000000,	10),
('xx01CD6F',	'00073F29',	'VN',	1,	1.00000000,	10),
('0003AD5D',	'00073F29',	'VN',	1,	1.00000000,	10),
('0004DA00',	'00073F29',	'VN',	1,	1.00000000,	10),
('0003AD66',	'00073F29',	'VN',	1,	1.00000000,	10),
('000B18CD',	'00073F29',	'VN',	1,	1.00000000,	10),
('0003AD72',	'00073F29',	'VN',	1,	1.00000000,	10),
('xx01CD74',	'0003EB3D',	'VN',	1,	0.00000000,	4),
('0003AD56',	'0003EB3D',	'VN',	1,	0.00000000,	4),
('000B701A',	'0003EB3D',	'VN',	1,	0.00000000,	4),
('0003AD6A',	'0003EB3D',	'VN',	1,	0.00000000,	4),
('000727DF',	'0003EB3D',	'VN',	1,	0.00000000,	4),
('00059B86',	'0003EB3D',	'VN',	1,	0.00000000,	4),
('0003AD76',	'0003EB3D',	'VN',	1,	0.00000000,	4),
('0004DA23',	'0010AA4A',	'VN',	1,	1.00000000,	10),
('000EC870',	'0010AA4A',	'VN',	1,	1.00000000,	10),
('000BB956',	'0010AA4A',	'VN',	1,	1.00000000,	10),
('xx017E97',	'0010AA4A',	'VN',	1,	1.00000000,	10),
('0007E8C5',	'0010AA4A',	'VN',	1,	1.00000000,	10),
('0003AD70',	'0010AA4A',	'VN',	1,	1.00000000,	10),
('0006B689',	'0010DE5F',	'VN',	1,	1.00000000,	10),
('00077E1E',	'0010DE5F',	'VN',	1,	1.00000000,	10),
('0007E8B7',	'0010DE5F',	'VN',	1,	1.00000000,	10),
('0004DA73',	'0010DE5F',	'VN',	1,	1.00000000,	10),
('0004B0BA',	'0010DE5F',	'VN',	1,	1.00000000,	10),
('000727E0',	'0010DE5E',	'VN',	1,	1.00000000,	10),
('00023D77',	'0010DE5E',	'VN',	1,	1.00000000,	10),
('xx00F1CC',	'0010DE5E',	'VN',	1,	1.00000000,	10),
('0002F44C',	'0010DE5E',	'VN',	1,	1.00000000,	10),
('0006BC0B',	'0010DE5E',	'VN',	1,	1.00000000,	10),
('0003AD61',	'00073F30',	'VN',	1,	0.00000000,	1),
('0006ABCB',	'00073F30',	'VN',	1,	0.00000000,	1),
('xx00B097',	'00073F30',	'VN',	1,	0.00000000,	1),
('001016B3',	'00073F30',	'VN',	1,	0.00000000,	1),
('0004DA23',	'00073F30',	'VN',	1,	0.00000000,	1),
('xx01CD72',	'00073F30',	'VN',	1,	0.00000000,	1),
('0007E8B7',	'00073F30',	'VN',	1,	0.00000000,	1),
('00106E19',	'00073F26',	'VN',	1,	2.00000000,	10),
('0006BC07',	'00073F26',	'VN',	1,	2.00000000,	10),
('0007E8C1',	'00073F26',	'VN',	1,	2.00000000,	10),
('0006AC4A',	'00073F26',	'VN',	1,	2.00000000,	10),
('xx017E97',	'00073F26',	'VN',	1,	2.00000000,	10),
('00106E1C',	'00073F26',	'VN',	1,	2.00000000,	10),
('0003AD6F',	'00073F26',	'VN',	1,	2.00000000,	10),
('00034D32',	'00073F27',	'VN',	1,	2.00000000,	10),
('00083E64',	'00073F27',	'VN',	1,	2.00000000,	10),
('00045C28',	'00073F27',	'VN',	1,	2.00000000,	10),
('000BB956',	'00073F27',	'VN',	1,	2.00000000,	10),
('00077E1D',	'00073F27',	'VN',	1,	2.00000000,	10),
('xx017E97',	'00073F27',	'VN',	1,	2.00000000,	10),
('xx01CD6D',	'00073F27',	'VN',	1,	2.00000000,	10),
('0004DA22',	'00073F27',	'VN',	1,	2.00000000,	10),
('000516C8',	'00073F23',	'VN',	1,	2.00000000,	10),
('000A9195',	'00073F23',	'VN',	1,	2.00000000,	10),
('000705B7',	'00073F23',	'VN',	1,	2.00000000,	10),
('00034CDD',	'00073F23',	'VN',	1,	2.00000000,	10),
('000B08C5',	'00073F23',	'VN',	1,	2.00000000,	10),
('xx017E97',	'00073F23',	'VN',	1,	2.00000000,	10),
('xx01CD6D',	'00073F23',	'VN',	1,	2.00000000,	10),
('000134AA',	'00073F23',	'VN',	1,	2.00000000,	10),
('xx01FF75',	'0003EB06',	'VN',	1,	5.00000000,	300),
('00034D22',	'0003EB06',	'VN',	1,	5.00000000,	300),
('xx00B097',	'0003EB06',	'VN',	1,	5.00000000,	300),
('0005076E',	'0003EB06',	'VN',	1,	5.00000000,	300),
('000727DF',	'0003EB06',	'VN',	1,	5.00000000,	300),
('0004DA24',	'0003EB06',	'VN',	1,	5.00000000,	300),
('0007EDF5',	'0003EB06',	'VN',	1,	5.00000000,	300),
('0003AD76',	'0003EB06',	'VN',	1,	5.00000000,	300),
('000F11C0',	'0003EB07',	'VN',	1,	5.00000000,	300),
('0003AD5E',	'0003EB07',	'VN',	1,	5.00000000,	300),
('00034D22',	'0003EB07',	'VN',	1,	5.00000000,	300),
('0006AC4A',	'0003EB07',	'VN',	1,	5.00000000,	300),
('000D8E3F',	'0003EB07',	'VN',	1,	5.00000000,	300),
('xx003545',	'0003EB07',	'VN',	1,	5.00000000,	300),
('00034CDF',	'0003EB07',	'VN',	1,	5.00000000,	300),
('0003AD71',	'0003EB07',	'VN',	1,	5.00000000,	300),
('000A9195',	'0003EB08',	'VN',	1,	5.00000000,	300),
('0004DA00',	'0003EB08',	'VN',	1,	5.00000000,	300),
('000EC870',	'0003EB08',	'VN',	1,	5.00000000,	300),
('0006F950',	'0003EB08',	'VN',	1,	5.00000000,	300),
('xx01CD74',	'0003EAEA',	'VN',	1,	3.00000000,	60),
('xx016E26',	'0003EAEA',	'VN',	1,	3.00000000,	60),
('000705B7',	'0003EAEA',	'VN',	1,	3.00000000,	60),
('00034CDD',	'0003EAEA',	'VN',	1,	3.00000000,	60),
('000889A2',	'0003EAEA',	'VN',	1,	3.00000000,	60),
('0003AD5E',	'0003EAEA',	'VN',	1,	3.00000000,	60),
('0004DA00',	'0003EAEA',	'VN',	1,	3.00000000,	60),
('0006BC00',	'0003EAEA',	'VN',	1,	3.00000000,	60),
('0001B3BD',	'0003EAEA',	'VN',	1,	3.00000000,	60),
('xx01CD6D',	'0003EAEA',	'VN',	1,	3.00000000,	60),
('00034D31',	'0003EAEA',	'VN',	1,	3.00000000,	60),
('00034D32',	'0003EAEB',	'VN',	1,	3.00000000,	60),
('0003AD5F',	'0003EAEB',	'VN',	1,	3.00000000,	60),
('000E7EBC',	'0003EAEB',	'VN',	1,	3.00000000,	60),
('000D8E3F',	'0003EAEB',	'VN',	1,	3.00000000,	60),
('00077E1E',	'0003EAEB',	'VN',	1,	3.00000000,	60),
('00106E1C',	'0003EAEB',	'VN',	1,	3.00000000,	60),
('0003AD70',	'0003EAEB',	'VN',	1,	3.00000000,	60),
('00085500',	'0003EAEB',	'VN',	1,	3.00000000,	60),
('0001B3BD',	'0003EAEB',	'VN',	1,	3.00000000,	60),
('000134AA',	'0003EAEB',	'VN',	1,	3.00000000,	60),
('0004DA20',	'00039E51',	'VN',	1,	1.00000000,	60),
('00023D77',	'00039E51',	'VN',	1,	1.00000000,	60),
('000B701A',	'00039E51',	'VN',	1,	1.00000000,	60),
('xx03CD8E',	'00039E51',	'VN',	1,	1.00000000,	60),
('xx00B097',	'00039E51',	'VN',	1,	1.00000000,	60),
('0006B689',	'00039E51',	'VN',	1,	1.00000000,	60),
('xx00F1CC',	'00039E51',	'VN',	1,	1.00000000,	60),
('00045C28',	'00039E51',	'VN',	1,	1.00000000,	60),
('00059B86',	'00039E51',	'VN',	1,	1.00000000,	60),
('0003F7F8',	'00039E51',	'VN',	1,	1.00000000,	60),
('0003AD60',	'00039E51',	'VN',	1,	1.00000000,	60),
('0006BC0E',	'00039E51',	'VN',	1,	1.00000000,	60),
('00052695',	'00090041',	'VN',	1,	4.00000000,	60),
('0003AD5D',	'00090041',	'VN',	1,	4.00000000,	60),
('00034D22',	'00090041',	'VN',	1,	4.00000000,	60),
('00083E64',	'00090041',	'VN',	1,	4.00000000,	60),
('0006BC00',	'00090041',	'VN',	1,	4.00000000,	60),
('0007E8C5',	'00090041',	'VN',	1,	4.00000000,	60),
('0003AD72',	'00090041',	'VN',	1,	4.00000000,	60),
('xx002A78',	'00090041',	'VN',	1,	4.00000000,	60),
('000A9191',	'00090041',	'VN',	1,	2.00000000,	60),
('000134AA',	'00090041',	'VN',	1,	3.00000000,	60),
('xx01CD71',	'0003EAEC',	'VN',	1,	3.00000000,	60),
('000E4F0C',	'0003EAEC',	'VN',	1,	3.00000000,	60),
('0003AD73',	'0003EAEC',	'VN',	1,	3.00000000,	60),
('0007EE01',	'0003EAEC',	'VN',	1,	3.00000000,	60),
('000E7EBC',	'0003EAEC',	'VN',	1,	3.00000000,	60),
('000854FE',	'0003EAEC',	'VN',	1,	3.00000000,	60),
('00023D6F',	'0003EAEC',	'VN',	1,	3.00000000,	60),
('0001B3BD',	'0003EAEC',	'VN',	1,	3.00000000,	60),
('0007E8B7',	'0003EAEC',	'VN',	1,	3.00000000,	60),
('xx01CD71',	'0003EB15',	'VN',	1,	5.00000000,	0),
('000E4F0C',	'0003EB15',	'VN',	1,	5.00000000,	0),
('00077E1C',	'0003EB15',	'VN',	1,	5.00000000,	0),
('000727E0',	'0003EB15',	'VN',	1,	5.00000000,	0),
('00052695',	'0003EB15',	'VN',	1,	5.00000000,	0),
('0003AD5B',	'0003EB15',	'VN',	1,	5.00000000,	0),
('0006BC07',	'0003EB15',	'VN',	1,	5.00000000,	0),
('xx03CD8E',	'0003EB15',	'VN',	1,	5.00000000,	0),
('0007E8C8',	'0003EB15',	'VN',	1,	5.00000000,	0),
('0007E8B7',	'0003EB15',	'VN',	1,	5.00000000,	0),
('0004B0BA',	'0003EB15',	'VN',	1,	5.00000000,	0),
('0004DA25',	'0003EB15',	'VN',	1,	3.00000000,	0),
('0004DA23',	'0003EB15',	'VN',	1,	3.00000000,	0),
('0003AD61',	'0003EB17',	'VN',	1,	5.00000000,	0),
('000B2183',	'0003EB17',	'VN',	1,	5.00000000,	0),
('000F11C0',	'0003EB17',	'VN',	1,	5.00000000,	0),
('0003AD63',	'0003EB17',	'VN',	1,	5.00000000,	0),
('00034D31',	'0003EB17',	'VN',	1,	5.00000000,	0),
('0003AD5E',	'0003EB17',	'VN',	1,	5.00000000,	0),
('0003AD5F',	'0003EB17',	'VN',	1,	5.00000000,	0),
('0007E8C1',	'0003EB17',	'VN',	1,	5.00000000,	0),
('00083E64',	'0003EB17',	'VN',	1,	5.00000000,	0),
('001016B3',	'0003EB17',	'VN',	1,	5.00000000,	0),
('000D8E3F',	'0003EB17',	'VN',	1,	5.00000000,	0),
('000EC870',	'0003EB17',	'VN',	1,	5.00000000,	0),
('000854FE',	'0003EB17',	'VN',	1,	5.00000000,	0),
('00077E1D',	'0003EB17',	'VN',	1,	5.00000000,	0),
('0003AD71',	'0003EB17',	'VN',	1,	5.00000000,	0),
('0003AD76',	'0003EB17',	'VN',	1,	5.00000000,	0),
('0004DA22',	'0003EB17',	'VN',	1,	5.00000000,	0),
('xx01CD72',	'0003EB16',	'VN',	1,	10.00000000,	0),
('000A9195',	'0003EB16',	'VN',	1,	5.00000000,	0),
('00052695',	'0003EB16',	'VN',	1,	5.00000000,	0),
('0006BC07',	'0003EB16',	'VN',	1,	5.00000000,	0),
('000E7EBC',	'0003EB16',	'VN',	1,	5.00000000,	0),
('00106E18',	'0003EB16',	'VN',	1,	5.00000000,	0),
('000B08C5',	'0003EB16',	'VN',	1,	5.00000000,	0),
('0006BC0A',	'0003EB16',	'VN',	1,	5.00000000,	0),
('0006BC00',	'0003EB16',	'VN',	1,	5.00000000,	0),
('000BB956',	'0003EB16',	'VN',	1,	5.00000000,	0),
('000854FE',	'0003EB16',	'VN',	1,	5.00000000,	0),
('00023D6F',	'0003EB16',	'VN',	1,	5.00000000,	0),
('0006BC10',	'0003EB16',	'VN',	1,	5.00000000,	0),
('00077E1E',	'0003EB16',	'VN',	1,	5.00000000,	0),
('0006BC04',	'0003EB16',	'VN',	1,	5.00000000,	0),
('00106E1C',	'0003EB16',	'VN',	1,	5.00000000,	0),
('00085500',	'0003EB16',	'VN',	1,	5.00000000,	0),
('0004DA73',	'0003EB16',	'VN',	1,	5.00000000,	0),
('0006BC0E',	'0003EB16',	'VN',	1,	5.00000000,	0),
('0006BC02',	'0003EB16',	'VN',	1,	4.00000000,	0),
('xx003545',	'0003EB16',	'VN',	1,	2.00000000,	0),
('xx01CD6E',	'00073F25',	'VN',	1,	50.00000000,	5),
('000516C8',	'00073F25',	'VN',	1,	50.00000000,	5),
('xx0185FB',	'00073F25',	'VN',	1,	50.00000000,	5),
('00106E1A',	'00073F25',	'VN',	1,	50.00000000,	5),
('00034CDF',	'00073F25',	'VN',	1,	50.00000000,	5),
('0006BC0A',	'00073F25',	'VN',	1,	50.00000000,	5),
('xx017008',	'00073F25',	'VN',	1,	50.00000000,	5),
('xx003545',	'0003AC2D',	'VN',	1,	0.00000000,	5),
('00023D77',	'0003AC2D',	'VN',	1,	0.00000000,	5),
('xx00F1CC',	'0003AC2D',	'VN',	1,	0.00000000,	5),
('00106E18',	'0003AC2D',	'VN',	1,	0.00000000,	5),
('0007EDF5',	'0003AC2D',	'VN',	1,	0.00000000,	5),
('0004DA20',	'00073F2D',	'VN',	1,	3.00000000,	30),
('xx01CD6E',	'00073F2D',	'VN',	1,	3.00000000,	30),
('0003AD5F',	'00073F2D',	'VN',	1,	3.00000000,	30),
('0003AD6A',	'00073F2D',	'VN',	1,	3.00000000,	30),
('0005076E',	'00073F2D',	'VN',	1,	3.00000000,	30),
('000D8E3F',	'00073F2D',	'VN',	1,	3.00000000,	30),
('0006BC10',	'00073F2D',	'VN',	1,	3.00000000,	30),
('00106E1B',	'00073F2E',	'VN',	1,	3.00000000,	30),
('xx01CD71',	'00073F2E',	'VN',	1,	3.00000000,	30),
('0003AD5E',	'00073F2E',	'VN',	1,	3.00000000,	30),
('0003AD6A',	'00073F2E',	'VN',	1,	3.00000000,	30),
('0004DA22',	'00073F2E',	'VN',	1,	3.00000000,	30),
('00034D31',	'00073F2E',	'VN',	1,	3.00000000,	30),
('000B2183',	'00073F51',	'VN',	1,	2.00000000,	30),
('000F11C0',	'00073F51',	'VN',	1,	2.00000000,	30),
('0006AC4A',	'00073F51',	'VN',	1,	2.00000000,	30),
('0007E8C8',	'00073F51',	'VN',	1,	2.00000000,	30),
('00034CDF',	'00073F51',	'VN',	1,	2.00000000,	30),
('0006F950',	'00073F51',	'VN',	1,	2.00000000,	30),
('0003AD71',	'00073F51',	'VN',	1,	2.00000000,	30),
('0004DA73',	'00073F51',	'VN',	1,	2.00000000,	30),
('00106E1B',	'00090042',	'VN',	1,	2.00000000,	30),
('0004DA20',	'00090042',	'VN',	1,	2.00000000,	30),
('0003AD56',	'00090042',	'VN',	1,	2.00000000,	30),
('000516C8',	'00090042',	'VN',	1,	2.00000000,	30),
('0007E8C1',	'00090042',	'VN',	1,	2.00000000,	30),
('00023D6F',	'00090042',	'VN',	1,	2.00000000,	30),
('0006BC04',	'00090042',	'VN',	1,	2.00000000,	30),
('0006BC0B',	'00090042',	'VN',	1,	2.00000000,	30),
('xx016E26',	'00073F2F',	'VN',	1,	3.00000000,	30),
('000A9195',	'00073F2F',	'VN',	1,	3.00000000,	30),
('0007E8C1',	'00073F2F',	'VN',	1,	3.00000000,	30),
('0003AD66',	'00073F2F',	'VN',	1,	3.00000000,	30),
('xx017008',	'00073F2F',	'VN',	1,	3.00000000,	30),
('0003AD60',	'00073F2F',	'VN',	1,	3.00000000,	30),
('00106E1B',	'00073F2E',	'PH',	1,	4.50000000,	30),
('00106E1B',	'0003EB22',	'PH',	1,	1.25000000,	60),
('00106E1B',	'00090042',	'PH',	1,	4.50000000,	30),
('00106E1B',	'0003EB28',	'PH',	1,	2.50000000,	30),
('0006BC02',	'0003EB16',	'PH',	1,	8.00000000,	0),
('0006BC02',	'0003EAF3',	'PH',	1,	4.00000000,	180),
('0006BC02',	'0003EB19',	'PH',	1,	3.33000000,	30),
('0006BC02',	'0200C470',	'PH',	1,	1.00000000,	30),
('000A9195',	'0200CF38',	'PH',	1,	1.20000000,	4),
('000A9195',	'00073F23',	'PH',	1,	4.00000000,	10),
('000A9195',	'0003EB08',	'PH',	1,	10.00000000,	180),
('000A9195',	'00073F2F',	'PH',	1,	6.00000000,	30),
('000A9191',	'00090041',	'PH',	1,	2.67000000,	60),
('000A9191',	'0003EB1F',	'PH',	1,	3.33000000,	60),
('000A9191',	'0003EB22',	'PH',	1,	1.67000000,	60),
('000A9191',	'0003EAF3',	'PH',	1,	4.00000000,	180),
('000705B7',	'0003A2C6',	'PH',	1,	2.50000000,	5),
('000705B7',	'0003EAEA',	'PH',	1,	3.34000000,	60),
('000705B7',	'0003EB25',	'PH',	1,	8.34000000,	30),
('000705B7',	'00073F23',	'PH',	1,	5.00000000,	10),
('0004DA20',	'00073F2D',	'PH',	1,	3.00000000,	30),
('0004DA20',	'0003EB1C',	'PH',	1,	1.67000000,	60),
('0004DA20',	'00090042',	'PH',	1,	3.00000000,	30),
('0004DA20',	'00039E51',	'PH',	1,	0.67000000,	60),
('0004DA25',	'0003A2C6',	'PH',	1,	1.00000000,	5),
('0004DA25',	'00073F29',	'PH',	1,	0.83000000,	15),
('0004DA25',	'0003EB15',	'PH',	1,	0.67000000,	10),
('0004DA25',	'0200A982',	'PH',	1,	5.00000000,	60),
('000727DE',	'0003A2C6',	'PH',	1,	1.50000000,	5),
('000727DE',	'0003EB25',	'PH',	1,	5.00000000,	30),
('000727DE',	'00073F2B',	'PH',	1,	100.00000000,	2),
('000727DE',	'0200A41E',	'PH',	1,	1.50000000,	60),
('000E4F0C',	'0003EAEC',	'PH',	1,	2.00000000,	60),
('000E4F0C',	'0200AEE6',	'PH',	1,	7.50000000,	30),
('000E4F0C',	'0003EB15',	'PH',	1,	1.00000000,	10),
('000E4F0C',	'00073F20',	'PH',	1,	1.25000000,	30),
('00077E1C',	'0003EB15',	'PH',	1,	0.67000000,	10),
('00077E1C',	'0003EB25',	'PH',	1,	3.34000000,	30),
('00077E1C',	'0003EAF3',	'PH',	1,	2.00000000,	180),
('00077E1C',	'00073F2B',	'PH',	1,	100.00000000,	1),
('00034CDD',	'00109ADD',	'PH',	1,	5.00000000,	0),
('00034CDD',	'0003EAEA',	'PH',	1,	2.00000000,	60),
('00034CDD',	'0003EB25',	'PH',	1,	5.00000000,	30),
('00034CDD',	'00073F23',	'PH',	1,	3.00000000,	10),
('0003AD61',	'0003EB17',	'PH',	1,	1.67000000,	10),
('0003AD61',	'0003EB1C',	'PH',	1,	4.16000000,	60),
('0003AD61',	'00073F30',	'PH',	1,	0.00000000,	4),
('0003AD61',	'0003EAF8',	'PH',	1,	5.00000000,	180),
('000727E0',	'0003EB15',	'PH',	1,	1.00000000,	10),
('000727E0',	'0200C470',	'PH',	1,	0.75000000,	30),
('000727E0',	'0010DE5E',	'PH',	1,	0.50000000,	25),
('000727E0',	'0003A2B6',	'PH',	1,	1.50000000,	5),
('0006ABCB',	'0003A2C6',	'PH',	1,	1.00000000,	5),
('0006ABCB',	'0003EB1A',	'PH',	1,	1.67000000,	30),
('0006ABCB',	'0003EB1B',	'PH',	1,	1.67000000,	30),
('0006ABCB',	'00073F20',	'PH',	1,	0.83000000,	30),
('00052695',	'0003EB16',	'PH',	1,	8.00000000,	0),
('00052695',	'000AE722',	'PH',	1,	5.00000000,	0),
('00052695',	'0003EAEA',	'PH',	1,	2.67000000,	60),
('00052695',	'0003EB15',	'PH',	1,	1.33000000,	10),
('0003AD56',	'00090042',	'PH',	1,	6.00000000,	30),
('0003AD56',	'0003EAF9',	'PH',	1,	4.00000000,	180),
('0003AD56',	'00109ADD',	'PH',	1,	5.00000000,	0),
('0003AD56',	'0200CF38',	'PH',	1,	1.20000000,	4),
('00023D77',	'00039E51',	'PH',	1,	1.33000000,	60),
('00023D77',	'00073F2B',	'PH',	1,	100.00000000,	3),
('00023D77',	'0003AC2D',	'PH',	1,	0.00000000,	4),
('00023D77',	'0010DE5E',	'PH',	1,	0.67000000,	25),
('000B2183',	'0003EB17',	'PH',	1,	0.67000000,	10),
('000B2183',	'00073F2C',	'PH',	1,	100.00000000,	1),
('000B2183',	'0003EB01',	'PH',	1,	1.67000000,	600),
('000B2183',	'00073F51',	'PH',	1,	1.50000000,	30),
('000B701A',	'0003EB42',	'PH',	1,	1.25000000,	5),
('000B701A',	'0003A2C6',	'PH',	1,	2.50000000,	5),
('000B701A',	'0003EB3D',	'PH',	1,	0.00000000,	3),
('000B701A',	'00039E51',	'PH',	1,	1.67000000,	60),
('00106E19',	'0003A2C6',	'PH',	1,	1.50000000,	5),
('00106E19',	'0003EB28',	'PH',	1,	2.50000000,	30),
('00106E19',	'00073F20',	'PH',	1,	1.25000000,	30),
('00106E19',	'00073F26',	'PH',	1,	2.25000000,	10),
('0003AD5B',	'0003EB15',	'PH',	1,	2.00000000,	10),
('0003AD5B',	'0010DE5E',	'PH',	1,	1.00000000,	25),
('0003AD5B',	'0003A2B6',	'PH',	1,	3.00000000,	5),
('0003AD5B',	'00073F20',	'PH',	1,	2.51000000,	30),
('000516C8',	'0003EB42',	'PH',	1,	0.50000000,	5),
('000516C8',	'00073F23',	'PH',	1,	2.00000000,	10),
('000516C8',	'00073F25',	'PH',	1,	1.67000000,	10),
('000516C8',	'0010DE5E',	'PH',	1,	0.33000000,	25),
('000889A2',	'0003EB28',	'PH',	1,	1.67000000,	30),
('000889A2',	'0200C470',	'PH',	1,	0.50000000,	30),
('000889A2',	'0003EB27',	'PH',	1,	1.67000000,	30),
('000889A2',	'0003EB1A',	'PH',	1,	1.67000000,	30),
('000F11C0',	'0200A41E',	'PH',	1,	2.00000000,	60),
('000F11C0',	'0003EB27',	'PH',	1,	3.33000000,	30),
('000F11C0',	'0003EB07',	'PH',	1,	10.00000000,	180),
('000F11C0',	'0003EB17',	'PH',	1,	1.33000000,	10),
('0003AD63',	'0003EB17',	'PH',	1,	1.33000000,	10),
('0003AD63',	'0003EB26',	'PH',	1,	3.33000000,	30),
('0003AD63',	'0003EAF8',	'PH',	1,	4.00000000,	180),
('0003AD63',	'0003EB42',	'PH',	1,	1.00000000,	5),
('00034D31',	'0003EB24',	'PH',	1,	3.34000000,	30),
('00034D31',	'0003EB1B',	'PH',	1,	1.67000000,	30),
('00034D31',	'00073F2E',	'PH',	1,	3.00000000,	30),
('00034D31',	'0003EAEA',	'PH',	1,	1.34000000,	60),
('0006BC07',	'0200D49C',	'PH',	1,	0.00000000,	8),
('0006BC07',	'00073F26',	'PH',	1,	3.00000000,	10),
('0006BC07',	'0003A2B6',	'PH',	1,	2.00000000,	5),
('0006BC07',	'0003EB15',	'PH',	1,	1.33000000,	10),
('0003AD5D',	'0003EB42',	'PH',	1,	1.00000000,	5),
('0003AD5D',	'00073F29',	'PH',	1,	1.67000000,	15),
('0003AD5D',	'00090041',	'PH',	1,	2.67000000,	60),
('0003AD5D',	'0200C9D4',	'PH',	1,	4.00000000,	10),
('0003AD5E',	'00073F2E',	'PH',	1,	7.50000000,	30),
('0003AD5E',	'0003EAEA',	'PH',	1,	3.34000000,	60),
('0003AD5E',	'0003EB17',	'PH',	1,	1.67000000,	10),
('0003AD5E',	'0003EB07',	'PH',	1,	12.50000000,	180),
('0004DA00',	'0003EAEA',	'PH',	1,	1.34000000,	60),
('0004DA00',	'0003EB19',	'PH',	1,	1.67000000,	30),
('0004DA00',	'00073F29',	'PH',	1,	0.83000000,	15),
('0004DA00',	'0003EB08',	'PH',	1,	5.00000000,	180),
('00034D32',	'0003EAEB',	'PH',	1,	1.34000000,	60),
('00034D32',	'0003EB22',	'PH',	1,	0.83000000,	60),
('00034D32',	'00073F27',	'PH',	1,	2.00000000,	10),
('00034D32',	'00073F2C',	'PH',	1,	100.00000000,	1),
('0003AD5F',	'00073F2D',	'PH',	1,	7.50000000,	30),
('0003AD5F',	'0003EAEB',	'PH',	1,	3.34000000,	60),
('0003AD5F',	'0003EB17',	'PH',	1,	1.67000000,	10),
('0003AD5F',	'0003EB25',	'PH',	1,	8.34000000,	30),
('00034D22',	'00090041',	'PH',	1,	1.34000000,	60),
('00034D22',	'0003EAF9',	'PH',	1,	2.00000000,	180),
('00034D22',	'0003EB07',	'PH',	1,	5.00000000,	180),
('00034D22',	'0003EB06',	'PH',	1,	5.00000000,	180),
('0007E8C1',	'00073F2F',	'PH',	1,	3.00000000,	30),
('0007E8C1',	'00073F26',	'PH',	1,	1.50000000,	10),
('0007E8C1',	'00090042',	'PH',	1,	3.00000000,	30),
('0007E8C1',	'0003EB17',	'PH',	1,	0.67000000,	10),
('0003AD64',	'0003A2C6',	'PH',	1,	2.50000000,	5),
('0003AD64',	'0003EAF3',	'PH',	1,	5.00000000,	180),
('0003AD64',	'0003EB01',	'PH',	1,	4.16000000,	600),
('0003AD64',	'0003EB1A',	'PH',	1,	4.16000000,	30),
('0003AD73',	'0003A2B6',	'PH',	1,	2.00000000,	5),
('0003AD73',	'0010DE5F',	'PH',	1,	0.67000000,	25),
('0003AD73',	'0003EB26',	'PH',	1,	3.33000000,	30),
('0003AD73',	'0003EAEC',	'PH',	1,	2.67000000,	60),
('0007EE01',	'0003EAEC',	'PH',	1,	1.34000000,	60),
('0007EE01',	'0003EB26',	'PH',	1,	1.67000000,	30),
('0007EE01',	'0200A982',	'PH',	1,	5.00000000,	60),
('0007EE01',	'0003EAF3',	'PH',	1,	2.00000000,	180),
('00083E64',	'00090041',	'PH',	1,	1.34000000,	60),
('00083E64',	'00073F27',	'PH',	1,	2.00000000,	10),
('00083E64',	'0003EB24',	'PH',	1,	3.34000000,	30),
('00083E64',	'0003EB26',	'PH',	1,	1.67000000,	30),
('0006B689',	'0003EB27',	'PH',	1,	4.16000000,	30),
('0006B689',	'0010DE5F',	'PH',	1,	0.84000000,	25),
('0006B689',	'0200AEE6',	'PH',	1,	12.50000000,	30),
('0006B689',	'0200C470',	'PH',	1,	1.25000000,	30),
('0003AD66',	'0003A2B6',	'PH',	1,	2.50000000,	5),
('0003AD66',	'00073F2C',	'PH',	1,	100.00000000,	4),
('0003AD66',	'00073F29',	'PH',	1,	2.09000000,	15),
('0003AD66',	'0010AA4A',	'PH',	1,	0.41000000,	25),
('00057F91',	'0003A2B6',	'PH',	1,	1.00000000,	5),
('00057F91',	'0003EAF3',	'PH',	1,	2.00000000,	180),
('00057F91',	'00073F2B',	'PH',	1,	100.00000000,	1),
('00057F91',	'0003EB19',	'PH',	1,	1.67000000,	30),
('000E7EBC',	'0003EB16',	'PH',	1,	10.00000000,	0),
('000E7EBC',	'0003EB06',	'PH',	1,	12.50000000,	180),
('000E7EBC',	'0003EB1B',	'PH',	1,	4.16000000,	30),
('000E7EBC',	'0003EAEC',	'PH',	1,	3.34000000,	60),
('000E7ED0',	'000AE722',	'PH',	1,	5.00000000,	0),
('000E7ED0',	'0003EB1F',	'PH',	1,	4.16000000,	60),
('000E7ED0',	'0003EB19',	'PH',	1,	4.16000000,	30),
('000E7ED0',	'0003EB22',	'PH',	1,	2.09000000,	60),
('00106E18',	'0003EB16',	'PH',	1,	6.00000000,	0),
('00106E18',	'0003EAF8',	'PH',	1,	3.00000000,	180),
('00106E18',	'00073F2C',	'PH',	1,	100.00000000,	2),
('00106E18',	'0003AC2D',	'PH',	1,	0.00000000,	3),
('000B08C5',	'0003EB16',	'PH',	1,	10.00000000,	0),
('000B08C5',	'0003EAF9',	'PH',	1,	5.00000000,	180),
('000B08C5',	'0003EB24',	'PH',	1,	8.34000000,	30),
('000B08C5',	'00073F23',	'PH',	1,	5.00000000,	10),
('001016B3',	'0003EB42',	'PH',	1,	1.50000000,	5),
('001016B3',	'00073F30',	'PH',	1,	0.00000000,	5),
('001016B3',	'0003EB17',	'PH',	1,	2.00000000,	10),
('001016B3',	'0003EB22',	'PH',	1,	2.51000000,	60),
('000B18CD',	'0003EB42',	'PH',	1,	1.50000000,	5),
('000B18CD',	'00073F51',	'PH',	1,	4.50000000,	30),
('000B18CD',	'00073F27',	'PH',	1,	6.00000000,	10),
('000B18CD',	'00073F29',	'PH',	1,	2.51000000,	15),
('0003AD6A',	'00073F2E',	'PH',	1,	6.00000000,	30),
('0003AD6A',	'0003EB1E',	'PH',	1,	3.33000000,	60),
('0003AD6A',	'0003EB3D',	'PH',	1,	0.00000000,	2),
('0003AD6A',	'00073F2D',	'PH',	1,	6.00000000,	30),
('0004DA23',	'0003EB42',	'PH',	1,	0.50000000,	5),
('0004DA23',	'0010AA4A',	'PH',	1,	0.17000000,	25),
('0004DA23',	'00073F2F',	'PH',	1,	3.00000000,	30),
('0004DA23',	'0003EB15',	'PH',	1,	0.67000000,	10),
('xx04365E',	'0003EB42',	'RR',	1,	3.00000000,	1),
('0001BCBC',	'00073F2B',	'VN',	1,	100.00000000,	5),
('0001BCBC',	'0003A2B6',	'VN',	1,	3.00000000,	0),
('0001BCBC',	'0003EB42',	'PH',	1,	50.00000000,	5),
('0006AC4A',	'0200C9D4',	'PH',	1,	2.00000000,	10),
('0006AC4A',	'0003EAF8',	'PH',	1,	2.00000000,	180),
('0006AC4A',	'0003EB07',	'PH',	1,	5.00000000,	180),
('0006AC4A',	'00073F26',	'PH',	1,	1.50000000,	10),
('0005076E',	'00073F2D',	'PH',	1,	3.00000000,	30),
('0005076E',	'0003EB1B',	'PH',	1,	1.67000000,	30),
('0005076E',	'0003EB06',	'PH',	1,	5.00000000,	180),
('0005076E',	'0010DE5E',	'PH',	1,	0.33000000,	25),
('0006BC0A',	'0003EB16',	'PH',	1,	8.00000000,	0),
('0006BC0A',	'0003EAF9',	'PH',	1,	4.00000000,	180),
('0006BC0A',	'00073F25',	'PH',	1,	3.33000000,	10),
('0006BC0A',	'00073F2C',	'PH',	1,	100.00000000,	3),
('00045C28',	'00039E51',	'PH',	1,	0.67000000,	60),
('00045C28',	'0003EAF9',	'PH',	1,	2.00000000,	180),
('00045C28',	'0003EB16',	'PH',	1,	4.00000000,	0),
('00045C28',	'0003EB25',	'PH',	1,	3.34000000,	30),
('000727DF',	'0003A2B6',	'PH',	1,	1.50000000,	5),
('000727DF',	'0003EB1F',	'PH',	1,	2.50000000,	60),
('000727DF',	'0003EB06',	'PH',	1,	7.50000000,	180),
('000727DF',	'0003EB3D',	'PH',	1,	0.00000000,	2),
('000D8E3F',	'00073F25',	'PH',	1,	4.16000000,	10),
('000D8E3F',	'00073F26',	'PH',	1,	3.75000000,	10),
('000D8E3F',	'00090042',	'PH',	1,	7.50000000,	30),
('000D8E3F',	'0003EB08',	'PH',	1,	12.50000000,	180),
('000EC870',	'0003EB17',	'PH',	1,	0.67000000,	10),
('000EC870',	'0010AA4A',	'PH',	1,	0.17000000,	25),
('000EC870',	'0003EB08',	'PH',	1,	5.00000000,	180),
('000EC870',	'0003EB27',	'PH',	1,	1.67000000,	30),
('0006BC00',	'0200A982',	'PH',	1,	7.50000000,	60),
('0006BC00',	'000AE722',	'PH',	1,	5.00000000,	0),
('0006BC00',	'00090041',	'PH',	1,	2.00000000,	60),
('0006BC00',	'0003EAEA',	'PH',	1,	2.00000000,	60),
('0004DA24',	'0003A2B6',	'PH',	1,	1.00000000,	5),
('0004DA24',	'0200C9D4',	'PH',	1,	2.00000000,	10),
('0004DA24',	'00073F20',	'PH',	1,	0.83000000,	30),
('0004DA24',	'0200CF38',	'PH',	1,	1.20000000,	2),
('0002F44C',	'0003EB42',	'PH',	1,	0.75000000,	5),
('0002F44C',	'00073F2B',	'PH',	1,	100.00000000,	2),
('0002F44C',	'0010DE5E',	'PH',	1,	0.50000000,	25),
('0002F44C',	'0003EB26',	'PH',	1,	2.50000000,	30),
('00059B86',	'0003EB42',	'PH',	1,	1.00000000,	5),
('00059B86',	'0003A2C6',	'PH',	1,	2.00000000,	5),
('00059B86',	'0003EB3D',	'PH',	1,	0.00000000,	2),
('00059B86',	'00039E51',	'PH',	1,	1.33000000,	60),
('0007EDF5',	'0200A41E',	'PH',	1,	1.00000000,	60),
('0007EDF5',	'0003AC2D',	'PH',	1,	0.00000000,	2),
('0007EDF5',	'0003EB06',	'PH',	1,	5.00000000,	180),
('0007EDF5',	'0200AEE6',	'PH',	1,	5.00000000,	30),
('000BB956',	'0003EB16',	'PH',	1,	6.00000000,	0),
('000BB956',	'00073F27',	'PH',	1,	3.00000000,	10),
('000BB956',	'0200AEE6',	'PH',	1,	7.50000000,	30),
('000BB956',	'0010AA4A',	'PH',	1,	0.25000000,	25),
('000854FE',	'00090041',	'PH',	1,	4.00000000,	60),
('000854FE',	'0003EB1C',	'PH',	1,	5.00000000,	60),
('000854FE',	'0003EB17',	'PH',	1,	2.00000000,	10),
('000854FE',	'0003EAEC',	'PH',	1,	4.00000000,	60),
('00023D6F',	'0003EB16',	'PH',	1,	8.00000000,	0),
('00023D6F',	'0200C9D4',	'PH',	1,	4.00000000,	10),
('00023D6F',	'00073F30',	'PH',	1,	0.00000000,	3),
('00023D6F',	'0003EAEC',	'PH',	1,	2.67000000,	60),
('0006BC10',	'0003EB1E',	'PH',	1,	5.00000000,	60),
('0006BC10',	'0003EB1F',	'PH',	1,	5.00000000,	60),
('0006BC10',	'00073F2D',	'PH',	1,	9.00000000,	30),
('0006BC10',	'00073F20',	'PH',	1,	2.51000000,	30),
('00077E1E',	'0003EB16',	'PH',	1,	4.00000000,	0),
('00077E1E',	'0003EB22',	'PH',	1,	0.83000000,	60),
('00077E1E',	'0010DE5F',	'PH',	1,	0.33000000,	25),
('00077E1E',	'00073F2E',	'PH',	1,	1.34000000,	60),
('00077E1D',	'0003EB17',	'PH',	1,	0.67000000,	10),
('00077E1D',	'0200CF38',	'PH',	1,	1.20000000,	2),
('00077E1D',	'0003EAF8',	'PH',	1,	2.00000000,	180),
('00077E1D',	'0003EB42',	'PH',	1,	0.50000000,	5),
('00106E1A',	'0003EB42',	'PH',	1,	0.75000000,	5),
('00106E1A',	'0003EB24',	'PH',	1,	5.00000000,	30),
('00106E1A',	'00073F25',	'PH',	1,	2.50000000,	10),
('00106E1A',	'0003EB01',	'PH',	1,	2.50000000,	600),
('0007E8C8',	'0003EB15',	'PH',	1,	1.33000000,	10),
('0007E8C8',	'0003EB19',	'PH',	1,	3.33000000,	30),
('0007E8C8',	'0003A2C6',	'PH',	1,	2.00000000,	5),
('0007E8C8',	'00073F51',	'PH',	1,	3.00000000,	30),
('0006BC04',	'0003EB01',	'PH',	1,	3.33000000,	600),
('0006BC04',	'0003EB1E',	'PH',	1,	3.33000000,	60),
('0006BC04',	'0200A982',	'PH',	1,	10.00000000,	60),
('0006BC04',	'00090042',	'PH',	1,	6.00000000,	30),
('00034CDF',	'00073F51',	'PH',	1,	1.50000000,	30),
('00034CDF',	'0003EB28',	'PH',	1,	1.67000000,	30),
('00034CDF',	'00073F25',	'PH',	1,	1.67000000,	10),
('00034CDF',	'0003EB07',	'PH',	1,	5.00000000,	180),
('0006F950',	'00073F51',	'PH',	1,	2.25000000,	30),
('0006F950',	'0003EB27',	'PH',	1,	2.50000000,	30),
('0006F950',	'0003EB08',	'PH',	1,	7.50000000,	180),
('0006F950',	'0003EB01',	'PH',	1,	2.50000000,	600),
('00106E1C',	'0003EB16',	'PH',	1,	6.00000000,	0),
('00106E1C',	'0200D49C',	'PH',	1,	0.00000000,	6),
('00106E1C',	'00073F2F',	'PH',	1,	4.50000000,	30),
('00106E1C',	'0003EAEB',	'PH',	1,	2.00000000,	60),
('0003AD6F',	'00073F2C',	'PH',	1,	100.00000000,	2),
('0003AD6F',	'00073F26',	'PH',	1,	2.25000000,	10),
('0003AD6F',	'0003EB42',	'PH',	1,	0.75000000,	5),
('0003AD6F',	'0003EB1F',	'PH',	1,	2.50000000,	60),
('0007E8C5',	'0003AC2D',	'PH',	1,	0.00000000,	2),
('0007E8C5',	'0200AEE6',	'PH',	1,	5.00000000,	30),
('0007E8C5',	'0010AA4A',	'PH',	1,	0.17000000,	25),
('0007E8C5',	'0003EAF9',	'PH',	1,	2.00000000,	180),
('0003AD70',	'0003EAEB',	'PH',	1,	2.67000000,	60),
('0003AD70',	'0010AA4A',	'PH',	1,	0.33000000,	25),
('0003AD70',	'0003EB1E',	'PH',	1,	3.33000000,	60),
('0003AD70',	'0003EB1C',	'PH',	1,	3.33000000,	60),
('0006BC0B',	'00090042',	'PH',	1,	6.00000000,	30),
('0006BC0B',	'0003EB28',	'PH',	1,	3.33000000,	30),
('0006BC0B',	'0010DE5E',	'PH',	1,	0.67000000,	25),
('0006BC0B',	'00073F27',	'PH',	1,	4.00000000,	10),
('00085500',	'0003EB16',	'PH',	1,	5.00000000,	0),
('00085500',	'0003EB19',	'PH',	1,	5.00000000,	30),
('00085500',	'0003EB28',	'PH',	1,	5.00000000,	30),
('00085500',	'0003EAEB',	'PH',	1,	4.00000000,	60),
('0001B3BD',	'0003EAEA',	'PH',	1,	1.34000000,	60),
('0001B3BD',	'0200A41E',	'PH',	1,	1.00000000,	60),
('0001B3BD',	'0003EAEB',	'PH',	1,	1.34000000,	60),
('0001B3BD',	'0003EAEC',	'PH',	1,	1.34000000,	60),
('0009151B',	'0003A2C6',	'PH',	1,	2.00000000,	5),
('0009151B',	'00073F2B',	'PH',	1,	100.00000000,	3),
('0009151B',	'0200C9D4',	'PH',	1,	4.00000000,	10),
('0009151B',	'0003EB1B',	'PH',	1,	3.33000000,	30),
('00063B5F',	'00073F2B',	'PH',	1,	100.00000000,	4),
('00063B5F',	'0200A41E',	'PH',	1,	2.50000000,	60),
('00063B5F',	'0200A982',	'PH',	1,	12.50000000,	60),
('00063B5F',	'0003EB24',	'PH',	1,	8.34000000,	30),
('0007E8B7',	'00109ADD',	'PH',	1,	5.00000000,	0),
('0007E8B7',	'0010DE5F',	'PH',	1,	0.33000000,	25),
('0007E8B7',	'00073F30',	'PH',	1,	0.00000000,	1),
('0007E8B7',	'0003EB15',	'PH',	1,	1.00000000,	10),
('0003AD71',	'00073F51',	'PH',	1,	3.00000000,	30),
('0003AD71',	'0003EB27',	'PH',	1,	3.33000000,	30),
('0003AD71',	'0003EB07',	'PH',	1,	10.00000000,	180),
('0003AD71',	'0003EB17',	'PH',	1,	1.33000000,	10),
('000134AA',	'0003EB16',	'PH',	1,	4.00000000,	0),
('000134AA',	'00073F23',	'PH',	1,	2.00000000,	10),
('000134AA',	'0200D49C',	'PH',	1,	0.00000000,	4),
('000134AA',	'0003EB1E',	'PH',	1,	1.67000000,	60),
('0004DA73',	'0003EB1A',	'PH',	1,	2.50000000,	30),
('0004DA73',	'0010DE5F',	'PH',	1,	0.50000000,	25),
('0004DA73',	'00073F51',	'PH',	1,	2.25000000,	30),
('0004DA73',	'0003EAF9',	'PH',	1,	3.00000000,	180),
('0003AD72',	'00090041',	'PH',	1,	2.67000000,	60),
('0003AD72',	'0003EB1A',	'PH',	1,	3.33000000,	30),
('0003AD72',	'00073F29',	'PH',	1,	1.67000000,	15),
('0003AD72',	'0003EB42',	'PH',	1,	1.00000000,	5),
('0003F7F8',	'00039E51',	'PH',	1,	0.67000000,	60),
('0003F7F8',	'0003EAF8',	'PH',	1,	2.00000000,	180),
('0003F7F8',	'0003EB1C',	'PH',	1,	1.67000000,	60),
('0003F7F8',	'0200C470',	'PH',	1,	0.50000000,	30),
('0003AD76',	'0003EB3D',	'PH',	1,	0.00000000,	2),
('0003AD76',	'0003EB17',	'PH',	1,	1.33000000,	10),
('0003AD76',	'0003EB06',	'PH',	1,	10.00000000,	180),
('0003AD76',	'000AE722',	'PH',	1,	5.00000000,	0),
('0003AD60',	'00073F2F',	'PH',	1,	7.50000000,	30),
('0003AD60',	'00039E51',	'PH',	1,	1.67000000,	60),
('0003AD60',	'0003EB42',	'PH',	1,	1.25000000,	5),
('0003AD60',	'0003EAF8',	'PH',	1,	5.00000000,	180),
('0004B0BA',	'0003EB15',	'PH',	1,	0.67000000,	10),
('0004B0BA',	'0003EB01',	'PH',	1,	1.67000000,	600),
('0004B0BA',	'00073F2C',	'PH',	1,	100.00000000,	1),
('0004B0BA',	'0010DE5F',	'PH',	1,	0.33000000,	25),
('0004DA22',	'00073F2E',	'PH',	1,	3.00000000,	30),
('0004DA22',	'0003EB1E',	'PH',	1,	1.67000000,	60),
('0004DA22',	'0003EB17',	'PH',	1,	0.67000000,	10),
('0004DA22',	'00073F27',	'PH',	1,	2.00000000,	10),
('0006BC0E',	'0200CF38',	'PH',	1,	1.20000000,	5),
('0006BC0E',	'0003EB26',	'PH',	1,	4.16000000,	30),
('0006BC0E',	'0003EB15',	'PH',	1,	1.67000000,	10),
('0006BC0E',	'0200C9D4',	'PH',	1,	5.00000000,	10),
('xx016E26',	'0003EB22',	'RQ',	4,	2.00000000,	60),
('xx016E26',	'0003EB21',	'RQ',	3,	2.00000000,	30),
('xx016E26',	'00073F2F',	'RQ',	2,	3.00000000,	30),
('xx016E26',	'0003EAEA',	'RQ',	1,	4.00000000,	80),
('xx017008',	'00073F25',	'RQ',	4,	50.00000000,	5),
('xx017008',	'0003A2B6',	'RQ',	3,	3.00000000,	0),
('xx017008',	'0003EB01',	'RQ',	2,	4.00000000,	300),
('xx017008',	'00073F2F',	'RQ',	1,	3.00000000,	30),
('xx017E97',	'0010AA4A',	'RQ',	4,	1.00000000,	10),
('xx017E97',	'00073F27',	'RQ',	3,	2.00000000,	10),
('xx017E97',	'00073F23',	'RQ',	2,	2.00000000,	10),
('xx017E97',	'00073F26',	'RQ',	1,	2.00000000,	10),
('xx01CD6D',	'00073F27',	'RQ',	4,	2.00000000,	10),
('xx01CD6D',	'0003EB27',	'RQ',	3,	3.00000000,	60),
('xx01CD6D',	'0003EAEA',	'RQ',	2,	2.00000000,	60),
('xx01CD6D',	'00073F23',	'RQ',	1,	2.00000000,	10),
('xx01CD6E',	'00073F25',	'RQ',	4,	50.00000000,	5),
('xx01CD6E',	'00073F2B',	'RQ',	3,	100.00000000,	5),
('xx01CD6E',	'0003EB24',	'RQ',	2,	4.00000000,	60),
('xx01CD6E',	'00073F2D',	'RQ',	1,	3.00000000,	30),
('xx01CD6F',	'00073F29',	'RQ',	4,	2.00000000,	20),
('xx01CD6F',	'0003EB1C',	'RQ',	3,	1.00000000,	20),
('xx01CD6F',	'0003EAF3',	'RQ',	2,	1.00000000,	20),
('xx01CD6F',	'0003EAF9',	'RQ',	1,	1.00000000,	20),
('xx01CD71',	'00073F2E',	'RQ',	4,	3.00000000,	30),
('xx01CD71',	'0003EAEC',	'RQ',	3,	3.00000000,	60),
('xx01CD71',	'0003EB1F',	'RQ',	2,	4.00000000,	60),
('xx01CD71',	'0003EB15',	'RQ',	1,	0.50000000,	20),
('xx01CD72',	'00073F20',	'RQ',	4,	2.00000000,	30),
('0001BCBC',	'0003A2B6',	'PH',	1,	3.00000000,	5),
('xx01CD72',	'0003EB16',	'RQ',	3,	1.50000000,	20),
('xx01CD72',	'0003EB01',	'RQ',	2,	4.00000000,	300),
('0001BCBC',	'0003A2C6',	'PH',	1,	3.00000000,	5),
('xx01CD72',	'0003EB42',	'RQ',	1,	10.00000000,	1),
('xx01CD74',	'0003EB26',	'RQ',	4,	5.00000000,	60),
('xx01CD74',	'0003EAEA',	'RQ',	3,	2.00000000,	60),
('xx01CD74',	'0003EB3D',	'RQ',	2,	0.00000000,	4),
('xx01CD74',	'0003A2C6',	'RQ',	1,	3.00000000,	0),
('xx01FF75',	'0003EB1A',	'RQ',	4,	4.00000000,	60),
('xx01FF75',	'0003EB06',	'RQ',	3,	5.00000000,	300),
('xx01FF75',	'0003EAF8',	'RQ',	2,	2.00000000,	60),
('xx01FF75',	'0003EB42',	'RQ',	1,	3.00000000,	1),
('xx03CD8E',	'00039E51',	'RQ',	4,	1.00000000,	120),
('xx03CD8E',	'00090041',	'RQ',	3,	5.00000000,	60),
('xx03CD8E',	'0003EB1F',	'RQ',	2,	4.00000000,	60),
('xx03CD8E',	'0003EB15',	'RQ',	1,	1.00000000,	10),
('xx003545',	'0003EB07',	'RQ',	4,	5.00000000,	300),
('xx003545',	'0003EAF8',	'RQ',	3,	50.00000000,	5),
('xx003545',	'0003AC2D',	'RQ',	2,	0.00000000,	60),
('xx003545',	'0003EB16',	'RQ',	1,	2.00000000,	0),
('xx00F1CC',	'0010DE5E',	'RQ',	4,	1.00000000,	10),
('xx00F1CC',	'0003AC2D',	'RQ',	3,	0.00000000,	5),
('xx00F1CC',	'00073F2B',	'RQ',	2,	100.00000000,	5),
('xx00F1CC',	'00039E51',	'RQ',	1,	1.00000000,	60),
('xx3AB3C5',	'00090041',	'RQ',	4,	5.00000000,	180),
('xx3AB3C5',	'0003AC2D',	'RQ',	3,	0.00000000,	30),
('xx3AB3C5',	'000AE722',	'RQ',	2,	1.00000000,	0),
('xx3AB3C5',	'0003A2C6',	'RQ',	1,	3.00000000,	60),
('xx44C4A8',	'00073F30',	'RQ',	4,	0.00000000,	1),
('xx44C4A8',	'0010DE5E',	'RQ',	3,	1.00000000,	60),
('xx44C4A8',	'0003EB42',	'RQ',	2,	10.00000000,	1),
('xx44C4A8',	'0010AA4A',	'RQ',	1,	1.00000000,	60),
('xx3AB3BC',	'0003A2C6',	'RQ',	4,	3.00000000,	60),
('xx3AB3BC',	'0003EB17',	'RQ',	3,	1.50000000,	20),
('xx3AB3BC',	'0003EB01',	'RQ',	2,	5.00000000,	600),
('xx3AB3BC',	'0003EB42',	'RQ',	1,	10.00000000,	0),
('xx07524B',	'0003EAEC',	'RQ',	4,	5.00000000,	60),
('xx07524B',	'0003EB26',	'RQ',	3,	5.00000000,	60),
('xx07524B',	'0320B30F',	'RQ',	2,	0.00000000,	10),
('xx07524B',	'0003EB3D',	'RQ',	1,	0.00000000,	60),
('0006BC0A',	'00073F2C',	'RQ',	4,	50.00000000,	5),
('0006BC0A',	'00073F25',	'RQ',	3,	50.00000000,	5),
('0006BC0A',	'0003EAF9',	'RQ',	2,	5.00000000,	120),
('0006BC0A',	'0003EB16',	'RQ',	1,	1.50000000,	20),
('0006BC0B',	'0003EB42',	'RQ',	4,	2.00000000,	1),
('0006BC0B',	'0010DE5E',	'RQ',	3,	1.00000000,	10),
('0006BC0B',	'0003EB28',	'RQ',	2,	4.00000000,	60),
('0006BC0B',	'00090042',	'RQ',	1,	2.00000000,	30),
('0006BC02',	'00073F2B',	'RQ',	4,	100.00000000,	5),
('0006BC02',	'0003EB08',	'RQ',	3,	10.00000000,	60),
('0006BC02',	'0003EB1F',	'RQ',	2,	5.00000000,	60),
('0006BC02',	'0003EB16',	'RQ',	1,	1.00000000,	20),
('xx04365F',	'0003EB26',	'RQ',	4,	1.00000000,	60),
('xx04365F',	'0003A2C6',	'RQ',	3,	5.00000000,	5),
('xx04365F',	'00073F29',	'RQ',	2,	2.00000000,	20),
('xx04365F',	'0003EAF3',	'RQ',	1,	5.00000000,	300),
('000A9191',	'0003EB26',	'RQ',	4,	5.00000000,	60),
('000A9191',	'0003EB22',	'RQ',	3,	2.00000000,	60),
('000A9191',	'0003EB1F',	'RQ',	2,	4.00000000,	60),
('000A9191',	'00090041',	'RQ',	1,	2.00000000,	60),
('000B08C5',	'00073F23',	'RQ',	4,	2.00000000,	10),
('000B08C5',	'0003EB1F',	'RQ',	3,	4.00000000,	60),
('000B08C5',	'0003EB1C',	'RQ',	2,	4.00000000,	60),
('000B08C5',	'0003EB16',	'RQ',	1,	2.00000000,	20),
('0007E8C8',	'00073F51',	'RQ',	4,	2.00000000,	30),
('0007E8C8',	'0003A2C6',	'RQ',	3,	3.00000000,	0),
('0007E8C8',	'0003EB19',	'RQ',	2,	4.00000000,	60),
('0007E8C8',	'0003EB15',	'RQ',	1,	0.50000000,	20),
('00023D6F',	'0003EAEC',	'RQ',	4,	3.00000000,	60),
('00023D6F',	'00090042',	'RQ',	3,	2.00000000,	30),
('00023D6F',	'0003EB21',	'RQ',	2,	2.00000000,	30),
('00023D6F',	'0003EB16',	'RQ',	1,	1.00000000,	20),
('00023D77',	'0010DE5E',	'RQ',	4,	1.00000000,	10),
('00023D77',	'0003AC2D',	'RQ',	3,	0.00000000,	5),
('00023D77',	'00073F2B',	'RQ',	2,	100.00000000,	5),
('00023D77',	'00039E51',	'RQ',	1,	1.00000000,	60),
('00034CDD',	'00073F23',	'RQ',	4,	2.00000000,	10),
('00034CDD',	'0003EB25',	'RQ',	3,	3.00000000,	60),
('00034CDD',	'0003EAEA',	'RQ',	2,	2.00000000,	60),
('00034CDD',	'0003A2C6',	'RQ',	1,	3.00000000,	0),
('0003AD61',	'0003EAF8',	'RQ',	4,	4.00000000,	120),
('0003AD61',	'00073F30',	'RQ',	3,	0.00000000,	1),
('0003AD61',	'0003EB1C',	'RQ',	2,	2.00000000,	120),
('0003AD61',	'0003EB17',	'RQ',	1,	2.00000000,	30),
('0006ABCB',	'0003EB42',	'RQ',	4,	10.00000000,	1),
('0006ABCB',	'0003EB1B',	'RQ',	3,	4.00000000,	60),
('0006ABCB',	'0003EB19',	'RQ',	2,	4.00000000,	60),
('0006ABCB',	'0003A2C6',	'RQ',	1,	3.00000000,	0),
('00052695',	'0003EB15',	'RQ',	4,	0.50000000,	20),
('00052695',	'0003AC2D',	'RQ',	3,	0.00000000,	20),
('00052695',	'00090041',	'RQ',	2,	2.00000000,	60),
('00052695',	'0003EB16',	'RQ',	1,	0.50000000,	20),
('0003AD56',	'0003EB3D',	'RQ',	4,	0.00000000,	4),
('0003AD56',	'0003A2B6',	'RQ',	3,	3.00000000,	0),
('0003AD56',	'0003EAF9',	'RQ',	2,	4.00000000,	60),
('0003AD56',	'00090042',	'RQ',	1,	4.00000000,	30),
('xx043663',	'00073F2B',	'RQ',	4,	100.00000000,	5),
('xx043663',	'0003EB08',	'RQ',	3,	10.00000000,	60),
('xx043663',	'0003EB1F',	'RQ',	2,	4.00000000,	60),
('xx043663',	'0003EB16',	'RQ',	1,	1.00000000,	20),
('000B2183',	'00073F51',	'RQ',	4,	2.00000000,	30),
('000B2183',	'0003EB01',	'RQ',	3,	4.00000000,	300),
('000B2183',	'00073F2C',	'RQ',	2,	100.00000000,	5),
('000B2183',	'0003EB17',	'RQ',	1,	1.00000000,	20),
('000A9195',	'00073F2F',	'RQ',	4,	3.00000000,	30),
('000A9195',	'0003EB08',	'RQ',	3,	5.00000000,	300),
('000A9195',	'00073F23',	'RQ',	2,	2.00000000,	10),
('000A9195',	'0003EB16',	'RQ',	1,	0.50000000,	20),
('00106E1C',	'0003EAEB',	'RQ',	4,	3.00000000,	60),
('00106E1C',	'00073F26',	'RQ',	3,	2.00000000,	10),
('00106E1C',	'00073F2C',	'RQ',	2,	100.00000000,	5),
('00106E1C',	'0003EB16',	'RQ',	1,	1.00000000,	20),
('00106E1B',	'0003EB28',	'RQ',	4,	4.00000000,	60),
('00106E1B',	'00090042',	'RQ',	3,	2.00000000,	30),
('00106E1B',	'0003EB22',	'RQ',	2,	4.00000000,	60),
('00106E1B',	'00073F2E',	'RQ',	1,	3.00000000,	30),
('xx0972E6',	'0003EB28',	'RQ',	4,	4.00000000,	60),
('xx0972E6',	'00090042',	'RQ',	3,	2.00000000,	30),
('xx0972E6',	'0003EB22',	'RQ',	2,	4.00000000,	60),
('xx0972E6',	'00073F2E',	'RQ',	1,	3.00000000,	30),
('00106E1A',	'0003EB01',	'RQ',	4,	4.00000000,	300),
('00106E1A',	'00073F25',	'RQ',	3,	50.00000000,	5),
('00106E1A',	'0003EB24',	'RQ',	2,	4.00000000,	60),
('00106E1A',	'0003EB42',	'RQ',	1,	5.00000000,	0),
('00106E19',	'00073F26',	'RQ',	4,	2.00000000,	10),
('00106E19',	'00073F20',	'RQ',	3,	3.00000000,	30),
('00106E19',	'0003EB28',	'RQ',	2,	4.00000000,	60),
('00106E19',	'0003A2C6',	'RQ',	1,	3.00000000,	0),
('00106E18',	'0003AC2D',	'RQ',	4,	0.00000000,	5),
('00106E18',	'00073F2C',	'RQ',	3,	100.00000000,	5),
('00106E18',	'0003EAF8',	'RQ',	2,	4.00000000,	60),
('00106E18',	'0003EB16',	'RQ',	1,	0.50000000,	20),
('0003AD5B',	'0003EB15',	'RQ',	4,	100.00000000,	30),
('0003AD5B',	'0003EB16',	'RQ',	3,	100.00000000,	30),
('0003AD5B',	'0003EB17',	'RQ',	2,	100.00000000,	30),
('0003AD5B',	'0010AA4A',	'RQ',	1,	100.00000000,	30),
('0001BCBC',	'00073F2B',	'RQ',	4,	100.00000000,	5),
('0001BCBC',	'0003A2C6',	'RQ',	3,	3.00000000,	0),
('0001BCBC',	'0003A2B6',	'RQ',	2,	3.00000000,	0),
('0001BCBC',	'0003EB42',	'RQ',	1,	200.00000000,	1),
('000516C8',	'00090042',	'RQ',	4,	2.00000000,	30),
('000516C8',	'00073F25',	'RQ',	3,	50.00000000,	5),
('000516C8',	'00073F23',	'RQ',	2,	2.00000000,	20),
('000516C8',	'0003EB42',	'RQ',	1,	3.00000000,	5),
('xx0183B7',	'0003EAF8',	'RQ',	4,	1.00000000,	30),
('xx0183B7',	'00073F2B',	'RQ',	3,	100.00000000,	5),
('xx0183B7',	'0003EB25',	'RQ',	2,	5.00000000,	60),
('xx0183B7',	'0003A2C6',	'RQ',	1,	3.00000000,	0),
('xx00B097',	'00073F30',	'RQ',	4,	0.00000000,	1),
('xx00B097',	'0003EB06',	'RQ',	3,	5.00000000,	300),
('xx00B097',	'00073F20',	'RQ',	2,	2.00000000,	30),
('xx00B097',	'00039E51',	'RQ',	1,	1.00000000,	60),
('xx0059BA',	'0003EAF8',	'RQ',	4,	1.00000000,	30),
('xx0059BA',	'00073F2B',	'RQ',	3,	100.00000000,	5),
('xx0059BA',	'0003EB25',	'RQ',	2,	5.00000000,	60),
('xx0059BA',	'0003A2C6',	'RQ',	1,	3.00000000,	0),
('xx0185FB',	'00073F20',	'RQ',	4,	2.00000000,	30),
('xx0185FB',	'0003EB01',	'RQ',	3,	4.00000000,	300),
('xx0185FB',	'00073F25',	'RQ',	2,	50.00000000,	5),
('xx0185FB',	'0003EB42',	'RQ',	1,	3.00000000,	1),
('xx002A78',	'00073F2C',	'RQ',	4,	50.00000000,	5),
('xx002A78',	'0003EAF3',	'RQ',	3,	5.00000000,	60),
('xx002A78',	'0003EB28',	'RQ',	2,	2.00000000,	60),
('xx002A78',	'00090041',	'RQ',	1,	2.00000000,	60),
('000E4F0C',	'00073F20',	'RQ',	4,	2.00000000,	30),
('000E4F0C',	'0003EB15',	'RQ',	3,	0.50000000,	20),
('000E4F0C',	'0003EB20',	'RQ',	2,	4.00000000,	60),
('000E4F0C',	'0003EAEC',	'RQ',	1,	3.00000000,	60),
('000BB956',	'0010AA4A',	'RQ',	4,	1.00000000,	10),
('000BB956',	'0003EB20',	'RQ',	3,	4.00000000,	60),
('000BB956',	'00073F27',	'RQ',	2,	2.00000000,	10),
('000BB956',	'0003EB16',	'RQ',	1,	1.00000000,	20),
('000889A2',	'0003EB1A',	'RQ',	4,	4.00000000,	60),
('000889A2',	'0003EB27',	'RQ',	3,	3.00000000,	60),
('000889A2',	'0003EB23',	'RQ',	2,	2.00000000,	30),
('000889A2',	'0003EAEA',	'RQ',	1,	3.00000000,	80),
('000F11C0',	'0003EB17',	'RQ',	4,	2.00000000,	20),
('000F11C0',	'0003EB07',	'RQ',	3,	5.00000000,	300),
('000F11C0',	'0003EB27',	'RQ',	2,	5.00000000,	60),
('000F11C0',	'00073F51',	'RQ',	1,	2.00000000,	30),
('0003AD63',	'0003EB42',	'RQ',	4,	2.00000000,	1),
('0003AD63',	'0003EAF8',	'RQ',	3,	4.00000000,	60),
('0003AD63',	'0003EB26',	'RQ',	2,	4.00000000,	60),
('0003AD63',	'0003EB17',	'RQ',	1,	2.50000000,	20),
('00034D31',	'0003EAEA',	'RQ',	4,	3.00000000,	30),
('00034D31',	'00073F2E',	'RQ',	3,	2.00000000,	30),
('00034D31',	'0003EB1B',	'RQ',	2,	4.00000000,	60),
('00034D31',	'0003EB17',	'RQ',	1,	1.00000000,	20),
('0003AD5D',	'0003EB21',	'RQ',	4,	2.00000000,	30),
('0003AD5D',	'00090041',	'RQ',	3,	5.00000000,	60),
('0003AD5D',	'00073F29',	'RQ',	2,	3.00000000,	20),
('0003AD5D',	'0003EB42',	'RQ',	1,	3.00000000,	1),
('000705B7',	'00073F23',	'RQ',	4,	2.00000000,	10),
('000705B7',	'0003EB25',	'RQ',	3,	5.00000000,	60),
('000705B7',	'0003EAEA',	'RQ',	2,	3.00000000,	60),
('000705B7',	'0003A2C6',	'RQ',	1,	3.00000000,	0),
('0004DA73',	'0003EAF9',	'RQ',	4,	4.00000000,	60),
('0004DA73',	'00073F51',	'RQ',	3,	2.00000000,	30),
('0004DA73',	'0010DE5F',	'RQ',	2,	1.00000000,	10),
('0004DA73',	'0003EB16',	'RQ',	1,	1.00000000,	20),
('0003AD5E',	'0003EB07',	'RQ',	4,	5.00000000,	300),
('0003AD5E',	'0003EB17',	'RQ',	3,	2.50000000,	45),
('0003AD5E',	'0003EAEA',	'RQ',	2,	3.00000000,	300),
('0003AD5E',	'00073F2E',	'RQ',	1,	3.00000000,	30),
('00034D32',	'00073F2C',	'RQ',	4,	100.00000000,	5),
('00034D32',	'00073F27',	'RQ',	3,	2.00000000,	10),
('00034D32',	'0003EB22',	'RQ',	2,	4.00000000,	60),
('000B2183',	'00073F51',	'RR',	4,	2.00000000,	30),
('000B2183',	'0003EB01',	'RR',	3,	4.00000000,	300),
('000B2183',	'00073F2C',	'RR',	2,	100.00000000,	5),
('000B2183',	'0003EB17',	'RR',	1,	1.00000000,	20),
('000A9195',	'00073F2F',	'RR',	4,	3.00000000,	30),
('000A9195',	'0003EB08',	'RR',	3,	5.00000000,	300),
('000A9195',	'00073F23',	'RR',	2,	2.00000000,	10),
('000A9195',	'0003EB16',	'RR',	1,	0.50000000,	20),
('00106E1C',	'0003EAEB',	'RR',	4,	3.00000000,	60),
('00106E1C',	'00073F26',	'RR',	3,	2.00000000,	10),
('00106E1C',	'00073F2C',	'RR',	2,	100.00000000,	5),
('00106E1C',	'0003EB16',	'RR',	1,	1.00000000,	20),
('00106E1B',	'0003EB28',	'RR',	4,	4.00000000,	60),
('00106E1B',	'00090042',	'RR',	3,	2.00000000,	30),
('00106E1B',	'0003EB22',	'RR',	2,	4.00000000,	60),
('00106E1B',	'00073F2E',	'RR',	1,	3.00000000,	30),
('xx0972E6',	'0003EB28',	'RR',	4,	4.00000000,	60),
('xx0972E6',	'00090042',	'RR',	3,	2.00000000,	30),
('xx0972E6',	'0003EB22',	'RR',	2,	4.00000000,	60),
('xx0972E6',	'00073F2E',	'RR',	1,	3.00000000,	30),
('00106E1A',	'0003EB01',	'RR',	4,	4.00000000,	300),
('00106E1A',	'00073F25',	'RR',	3,	50.00000000,	5),
('00106E1A',	'0003EB24',	'RR',	2,	4.00000000,	60),
('00106E1A',	'0003EB42',	'RR',	1,	5.00000000,	0),
('00106E19',	'00073F26',	'RR',	4,	2.00000000,	10),
('00106E19',	'00073F20',	'RR',	3,	3.00000000,	30),
('00106E19',	'0003EB28',	'RR',	2,	4.00000000,	60),
('00106E19',	'0003A2C6',	'RR',	1,	3.00000000,	0),
('00106E18',	'0003AC2D',	'RR',	4,	0.00000000,	5),
('00106E18',	'00073F2C',	'RR',	3,	100.00000000,	5),
('00106E18',	'0003EAF8',	'RR',	2,	4.00000000,	60),
('00106E18',	'0003EB16',	'RR',	1,	0.50000000,	20),
('0003AD5B',	'0003EB15',	'RR',	4,	100.00000000,	30),
('0003AD5B',	'0003EB16',	'RR',	3,	100.00000000,	30),
('0003AD5B',	'0003EB17',	'RR',	2,	100.00000000,	30),
('0003AD5B',	'0010AA4A',	'RR',	1,	100.00000000,	30),
('0001BCBC',	'00073F2B',	'RR',	4,	100.00000000,	5),
('0001BCBC',	'0003A2C6',	'RR',	3,	3.00000000,	0),
('0001BCBC',	'0003A2B6',	'RR',	2,	3.00000000,	0),
('0001BCBC',	'0003EB42',	'RR',	1,	200.00000000,	1),
('000516C8',	'00090042',	'RR',	4,	2.00000000,	30),
('000516C8',	'00073F25',	'RR',	3,	50.00000000,	5),
('000516C8',	'00073F23',	'RR',	2,	2.00000000,	20),
('000516C8',	'0003EB42',	'RR',	1,	3.00000000,	5),
('xx0183B7',	'0003EAF8',	'RR',	4,	1.00000000,	30),
('xx0183B7',	'00073F2B',	'RR',	3,	100.00000000,	5),
('xx0183B7',	'0003EB25',	'RR',	2,	5.00000000,	60),
('xx0183B7',	'0003A2C6',	'RR',	1,	3.00000000,	0),
('xx00B097',	'00073F30',	'RR',	4,	0.00000000,	1),
('xx00B097',	'0003EB06',	'RR',	3,	5.00000000,	300),
('xx00B097',	'00073F20',	'RR',	2,	2.00000000,	30),
('xx00B097',	'00039E51',	'RR',	1,	1.00000000,	60),
('xx0059BA',	'0003EAF8',	'RR',	4,	1.00000000,	30),
('xx0059BA',	'00073F2B',	'RR',	3,	100.00000000,	5),
('xx0059BA',	'0003EB25',	'RR',	2,	5.00000000,	60),
('xx0059BA',	'0003A2C6',	'RR',	1,	3.00000000,	0),
('xx0185FB',	'00073F20',	'RR',	4,	2.00000000,	30),
('xx0185FB',	'0003EB01',	'RR',	3,	4.00000000,	300),
('xx0185FB',	'00073F25',	'RR',	2,	50.00000000,	5),
('xx0185FB',	'0003EB42',	'RR',	1,	3.00000000,	1),
('xx002A78',	'00073F2C',	'RR',	4,	50.00000000,	5),
('xx002A78',	'0003EAF3',	'RR',	3,	5.00000000,	60),
('xx002A78',	'0003EB28',	'RR',	2,	2.00000000,	60),
('xx002A78',	'00090041',	'RR',	1,	2.00000000,	60),
('000E4F0C',	'00073F20',	'RR',	4,	2.00000000,	30),
('000E4F0C',	'0003EB15',	'RR',	3,	0.50000000,	20),
('000E4F0C',	'0003EB20',	'RR',	2,	4.00000000,	60),
('000E4F0C',	'0003EAEC',	'RR',	1,	3.00000000,	60),
('000BB956',	'0010AA4A',	'RR',	4,	1.00000000,	10),
('000BB956',	'0003EB20',	'RR',	3,	4.00000000,	60),
('000BB956',	'00073F27',	'RR',	2,	2.00000000,	10),
('000BB956',	'0003EB16',	'RR',	1,	1.00000000,	20),
('000889A2',	'0003EB1A',	'RR',	4,	4.00000000,	60),
('000889A2',	'0003EB27',	'RR',	3,	3.00000000,	60),
('000889A2',	'0003EB23',	'RR',	2,	2.00000000,	30),
('000889A2',	'0003EAEA',	'RR',	1,	3.00000000,	80),
('000F11C0',	'0003EB17',	'RR',	4,	2.00000000,	20),
('000F11C0',	'0003EB07',	'RR',	3,	5.00000000,	300),
('000F11C0',	'0003EB27',	'RR',	2,	5.00000000,	60),
('000F11C0',	'00073F51',	'RR',	1,	2.00000000,	30),
('0003AD63',	'0003EB42',	'RR',	4,	2.00000000,	1),
('0003AD63',	'0003EAF8',	'RR',	3,	4.00000000,	60),
('0003AD63',	'0003EB26',	'RR',	2,	4.00000000,	60),
('0003AD63',	'0003EB17',	'RR',	1,	2.50000000,	20),
('00034D31',	'0003EAEA',	'RR',	4,	3.00000000,	30),
('00034D31',	'00073F2E',	'RR',	3,	2.00000000,	30),
('00034D31',	'0003EB1B',	'RR',	2,	2.50000000,	60),
('00034D31',	'0003EB17',	'RR',	1,	1.00000000,	20),
('0003AD5D',	'0003EB21',	'RR',	4,	2.00000000,	30),
('0003AD5D',	'00090041',	'RR',	3,	5.00000000,	60),
('0003AD5D',	'00073F29',	'RR',	2,	2.24000000,	20),
('0003AD5D',	'0003EB42',	'RR',	1,	3.00000000,	1),
('000705B7',	'00073F23',	'RR',	4,	2.00000000,	10),
('000705B7',	'0003EB25',	'RR',	3,	5.00000000,	60),
('000705B7',	'0003EAEA',	'RR',	2,	3.00000000,	60),
('000705B7',	'0003A2C6',	'RR',	1,	3.00000000,	0),
('0004DA73',	'0003EAF9',	'RR',	4,	4.00000000,	60),
('0004DA73',	'00073F51',	'RR',	3,	2.00000000,	30),
('0004DA73',	'0010DE5F',	'RR',	2,	1.00000000,	10),
('0004DA73',	'0003EB16',	'RR',	1,	1.00000000,	20),
('0003AD5E',	'0003EB07',	'RR',	4,	5.00000000,	300),
('0003AD5E',	'0003EB17',	'RR',	3,	2.50000000,	45),
('0003AD5E',	'0003EAEA',	'RR',	2,	3.00000000,	300),
('0003AD5E',	'00073F2E',	'RR',	1,	3.00000000,	30),
('00034D32',	'00073F2C',	'RR',	4,	100.00000000,	5),
('00034D32',	'00073F27',	'RR',	3,	2.00000000,	10),
('00034D32',	'0003EB22',	'RR',	2,	4.00000000,	60),
('00034D32',	'0003EAEB',	'RR',	1,	3.00000000,	60),
('0003AD5F',	'0003EB25',	'RR',	4,	5.00000000,	180),
('0003AD5F',	'0003EB17',	'RR',	3,	3.50000000,	45),
('0003AD5F',	'0003EAEB',	'RR',	2,	6.00000000,	300),
('0003AD5F',	'00073F2D',	'RR',	1,	3.00000000,	60),
('00034D22',	'0003EB06',	'RR',	4,	5.00000000,	60),
('00034D22',	'0003EB07',	'RR',	3,	5.00000000,	60),
('00034D22',	'0003EAF9',	'RR',	2,	1.00000000,	60),
('00034D22',	'00090041',	'RR',	1,	2.00000000,	300),
('0007E8C1',	'0003EB17',	'RR',	4,	0.50000000,	20),
('0007E8C1',	'00090042',	'RR',	3,	2.00000000,	30),
('0007E8C1',	'00073F26',	'RR',	2,	2.00000000,	10),
('0007E8C1',	'00073F2F',	'RR',	1,	3.00000000,	30),
('0003AD64',	'00073F2C',	'RR',	4,	100.00000000,	5),
('0003AD64',	'0003EB01',	'RR',	3,	4.00000000,	300),
('0003AD64',	'0003EAF3',	'RR',	2,	4.00000000,	300),
('0003AD64',	'0003A2C6',	'RR',	1,	3.00000000,	0),
('0003AD73',	'0003EAEC',	'RR',	4,	3.00000000,	60),
('0003AD73',	'0003EB26',	'RR',	3,	5.00000000,	60),
('0003AD73',	'00073F2B',	'RR',	2,	100.00000000,	5),
('0003AD73',	'0003A2B6',	'RR',	1,	3.00000000,	0),
('0007EE01',	'0003EAF3',	'RR',	4,	4.00000000,	60),
('0007EE01',	'0003EAF9',	'RR',	3,	4.00000000,	30),
('0007EE01',	'0003EB26',	'RR',	2,	5.00000000,	60),
('0007EE01',	'0003EAEC',	'RR',	1,	3.00000000,	60),
('0006B689',	'0320B30F',	'RR',	4,	0.00000000,	4),
('0006B689',	'0003EB27',	'RR',	3,	4.00000000,	60),
('0006B689',	'0010DE5F',	'RR',	2,	1.00000000,	10),
('0006B689',	'00039E51',	'RR',	1,	1.00000000,	120),
('0003AD66',	'00073F2F',	'RR',	4,	3.00000000,	30),
('0003AD66',	'00073F29',	'RR',	3,	2.66000000,	20),
('0003AD66',	'0003EB25',	'RR',	2,	5.00000000,	60),
('0003AD66',	'0003A2B6',	'RR',	1,	3.00000000,	0),
('00057F91',	'0003EB19',	'RR',	4,	4.00000000,	60),
('00057F91',	'00073F2B',	'RR',	3,	100.00000000,	5),
('00057F91',	'0003EAF3',	'RR',	2,	4.00000000,	60),
('00057F91',	'0003A2B6',	'RR',	1,	3.00000000,	0),
('000E7EBC',	'0003EAEC',	'RR',	4,	3.00000000,	60),
('000E7EBC',	'0003EB1B',	'RR',	3,	4.16000000,	60),
('000E7EBC',	'0003EAEB',	'RR',	2,	3.00000000,	60),
('000E7EBC',	'0003EB16',	'RR',	1,	1.50000000,	20),
('000E7ED0',	'0003EB22',	'RR',	4,	4.00000000,	60),
('000E7ED0',	'0003EB19',	'RR',	3,	4.00000000,	60),
('000E7ED0',	'000AE722',	'RR',	2,	5.00000000,	0),
('000E7ED0',	'0003EB1F',	'RR',	1,	7.00000000,	60),
('xx034E09',	'0003EB21',	'RR',	4,	2.00000000,	60),
('xx034E09',	'0003EB19',	'RR',	3,	4.00000000,	60),
('xx034E09',	'0003EB1A',	'RR',	2,	4.00000000,	60),
('xx034E09',	'00090041',	'RR',	1,	4.00000000,	180),
('001016B3',	'0003EB22',	'RR',	4,	4.00000000,	60),
('001016B3',	'0003EB17',	'RR',	3,	1.00000000,	20),
('001016B3',	'00073F30',	'RR',	2,	0.00000000,	1),
('001016B3',	'0003EB42',	'RR',	1,	2.00000000,	1),
('000B18CD',	'00073F29',	'RR',	4,	3.00000000,	20),
('000B18CD',	'00073F2B',	'RR',	3,	100.00000000,	5),
('000B18CD',	'0003A2B6',	'RR',	2,	5.00000000,	0),
('000B18CD',	'0003EB42',	'RR',	1,	5.00000000,	1),
('0003AD6A',	'00073F2D',	'RR',	4,	3.00000000,	30),
('0003AD6A',	'0003EB3D',	'RR',	3,	0.00000000,	4),
('0003AD6A',	'0320B30F',	'RR',	2,	0.00000000,	2),
('0003AD6A',	'00073F2E',	'RR',	1,	3.00000000,	30),
('0006AC4A',	'00073F26',	'RR',	4,	1.00000000,	10),
('0006AC4A',	'0003EB07',	'RR',	3,	2.00000000,	300),
('0006AC4A',	'0003EAF8',	'RR',	2,	2.00000000,	60),
('0006AC4A',	'00073F51',	'RR',	1,	1.00000000,	30),
('0005076E',	'00073F2C',	'RR',	4,	100.00000000,	5),
('0005076E',	'0003EB06',	'RR',	3,	5.00000000,	300),
('0005076E',	'0003EB1B',	'RR',	2,	1.67000000,	60),
('0005076E',	'00073F2D',	'RR',	1,	3.00000000,	30),
('00045C28',	'0003EB25',	'RR',	4,	4.00000000,	60),
('00045C28',	'00073F27',	'RR',	3,	2.00000000,	10),
('00045C28',	'0003EAF9',	'RR',	2,	4.00000000,	60),
('00045C28',	'00039E51',	'RR',	1,	1.00000000,	60),
('xx043661',	'0003EAF3',	'RR',	4,	10.00000000,	180),
('xx043661',	'0003EAF9',	'RR',	3,	5.00000000,	300),
('xx043661',	'0003EB1F',	'RR',	2,	10.00000000,	60),
('xx043661',	'0003EB01',	'RR',	1,	3.00000000,	600),
('000D8E3F',	'0003EB07',	'RR',	4,	5.00000000,	300),
('000D8E3F',	'0003EB17',	'RR',	3,	2.50000000,	20),
('000D8E3F',	'0003EAEB',	'RR',	2,	3.00000000,	60),
('000D8E3F',	'00073F2D',	'RR',	1,	3.00000000,	30),
('000EC870',	'0003EB27',	'RR',	4,	4.00000000,	60),
('000EC870',	'0003EB08',	'RR',	3,	5.00000000,	300),
('000EC870',	'0010AA4A',	'RR',	2,	1.00000000,	10),
('000EC870',	'0003EB17',	'RR',	1,	1.00000000,	20),
('000727DE',	'0003EB27',	'RR',	4,	3.00000000,	60),
('000727DE',	'00073F2B',	'RR',	3,	100.00000000,	5),
('000727DE',	'0003EB25',	'RR',	2,	5.00000000,	60),
('000727DE',	'0003A2C6',	'RR',	1,	3.00000000,	0),
('000727DF',	'0003EB3D',	'RR',	4,	0.00000000,	4),
('000727DF',	'0003EB06',	'RR',	3,	5.00000000,	300),
('000727DF',	'0003EB1F',	'RR',	2,	5.00000000,	60),
('000727DF',	'0003A2B6',	'RR',	1,	3.00000000,	0),
('000727E0',	'0003A2B6',	'RR',	4,	3.00000000,	0),
('000727E0',	'0010DE5E',	'RR',	3,	1.00000000,	10),
('000727E0',	'0003EB23',	'RR',	2,	2.00000000,	30),
('000727E0',	'0003EB15',	'RR',	1,	1.00000000,	20),
('00077E1C',	'00073F2B',	'RR',	4,	5.00000000,	5),
('00077E1C',	'0003EAF3',	'RR',	3,	2.00000000,	60),
('00077E1C',	'0003EB25',	'RR',	2,	2.00000000,	60),
('00077E1C',	'0003EB15',	'RR',	1,	0.25000000,	10),
('00077E1E',	'0003EAEB',	'RR',	4,	1.00000000,	60),
('00077E1E',	'0010DE5F',	'RR',	3,	1.00000000,	5),
('00077E1E',	'0003EB22',	'RR',	2,	2.00000000,	60),
('00077E1E',	'0003EB16',	'RR',	1,	0.25000000,	20),
('00077E1D',	'0003EB42',	'RR',	4,	1.00000000,	1),
('00077E1D',	'0003EAF8',	'RR',	3,	2.00000000,	60),
('00077E1D',	'00073F27',	'RR',	2,	1.00000000,	10),
('00077E1D',	'0003EB17',	'RR',	1,	0.25000000,	10),
('00074A19',	'0003EB07',	'RR',	4,	5.00000000,	300),
('00074A19',	'00073F25',	'RR',	3,	50.00000000,	5),
('00074A19',	'0003EB28',	'RR',	2,	4.00000000,	60),
('00074A19',	'00073F51',	'RR',	1,	2.00000000,	30),
('0006BC00',	'0003EAEA',	'RR',	4,	3.00000000,	60),
('0006BC00',	'0003EAEC',	'RR',	3,	4.00000000,	60),
('0006BC00',	'00090041',	'RR',	2,	5.00000000,	60),
('0006BC00',	'0003EB16',	'RR',	1,	0.50000000,	20),
('0004DA00',	'0003EB08',	'RR',	4,	5.00000000,	300),
('0004DA00',	'00073F29',	'RR',	3,	0.98000000,	20),
('0004DA00',	'0003EB1A',	'RR',	2,	4.00000000,	60),
('0004DA00',	'0003EAEA',	'RR',	1,	3.00000000,	60),
('0004DA20',	'00039E51',	'RR',	4,	1.00000000,	60),
('0004DA20',	'00090042',	'RR',	3,	2.00000000,	30),
('0004DA20',	'0003EB1C',	'RR',	2,	4.00000000,	60),
('0004DA20',	'00073F2D',	'RR',	1,	3.00000000,	30),
('0004DA22',	'00073F27',	'RR',	4,	2.00000000,	10),
('0004DA22',	'0003EB17',	'RR',	3,	0.50000000,	20),
('0004DA22',	'0003EB1F',	'RR',	2,	5.00000000,	60),
('0004DA22',	'00073F2E',	'RR',	1,	3.00000000,	30),
('0004DA23',	'0003EB15',	'RR',	4,	0.50000000,	20),
('0004DA23',	'0003EB01',	'RR',	3,	5.00000000,	60),
('0004DA23',	'0010AA4A',	'RR',	2,	1.00000000,	10),
('0004DA23',	'0003EB42',	'RR',	1,	3.00000000,	1),
('0004DA24',	'0003EB06',	'RR',	4,	5.00000000,	300),
('0004DA24',	'00073F20',	'RR',	3,	2.00000000,	30),
('0004DA24',	'0003EB21',	'RR',	2,	2.00000000,	30),
('0004DA24',	'0003A2B6',	'RR',	1,	3.00000000,	0),
('0004DA25',	'0003EB08',	'RR',	4,	4.00000000,	30),
('0004DA25',	'0003EB15',	'RR',	3,	1.50000000,	10),
('0004DA25',	'00073F29',	'RR',	2,	0.98000000,	20),
('0004DA25',	'0003A2C6',	'RR',	1,	3.00000000,	10),
('0002F44C',	'0003EB26',	'RR',	4,	4.00000000,	60),
('0002F44C',	'0010DE5E',	'RR',	3,	1.00000000,	10),
('0002F44C',	'00073F2B',	'RR',	2,	100.00000000,	5),
('0002F44C',	'0003EB42',	'RR',	1,	5.00000000,	1),
('00059B86',	'00039E51',	'RR',	4,	4.00000000,	60),
('00059B86',	'0003EB3D',	'RR',	3,	0.00000000,	16),
('00059B86',	'0003A2C6',	'RR',	2,	15.00000000,	0),
('00059B86',	'0003EB42',	'RR',	1,	15.00000000,	0),
('000B701A',	'00039E51',	'RR',	4,	5.00000000,	180),
('000B701A',	'0003EB3D',	'RR',	3,	0.00000000,	24),
('000B701A',	'0003A2C6',	'RR',	2,	20.00000000,	0),
('000B701A',	'0003EB42',	'RR',	1,	20.00000000,	1),
('0007EDF5',	'0003EB20',	'RR',	4,	3.00000000,	60),
('0007EDF5',	'0003EB06',	'RR',	3,	5.00000000,	300),
('0007EDF5',	'0003AC2D',	'RR',	2,	0.00000000,	5),
('0007EDF5',	'0003A2B6',	'RR',	1,	3.00000000,	0),
('000854FE',	'0003EAEC',	'RR',	4,	3.00000000,	60),
('000854FE',	'0003EB17',	'RR',	3,	1.50000000,	20),
('000854FE',	'0003EB1C',	'RR',	2,	4.00000000,	60),
('000854FE',	'0003EB16',	'RR',	1,	1.50000000,	20),
('00085500',	'0003EAEB',	'RR',	4,	3.00000000,	60),
('00085500',	'0003EB28',	'RR',	3,	4.00000000,	60),
('00085500',	'0003EB19',	'RR',	2,	4.00000000,	60),
('00085500',	'0003EB16',	'RR',	1,	1.00000000,	20),
('0006BC10',	'00073F20',	'RR',	4,	2.00000000,	30),
('0006BC10',	'00073F2D',	'RR',	3,	3.00000000,	30),
('0006BC10',	'0003EB22',	'RR',	2,	4.00000000,	60),
('0006BC10',	'0003EB16',	'RR',	1,	2.50000000,	20),
('0006BC07',	'0003EB15',	'RR',	4,	0.50000000,	20),
('0006BC07',	'0003A2B6',	'RR',	3,	3.00000000,	0),
('0006BC07',	'00073F26',	'RR',	2,	2.00000000,	10),
('0006BC07',	'0003EB16',	'RR',	1,	1.50000000,	20),
('xx043665',	'000AE722',	'RR',	4,	5.00000000,	0),
('xx043665',	'0003EB1A',	'RR',	3,	4.00000000,	60),
('xx043665',	'0003A2B6',	'RR',	2,	3.00000000,	0),
('xx043665',	'0003EB42',	'RR',	1,	3.00000000,	1),
('0006BC04',	'00090042',	'RR',	4,	2.00000000,	30),
('0006BC04',	'0003EAF9',	'RR',	3,	4.00000000,	30),
('0006BC04',	'0003EB1F',	'RR',	2,	4.00000000,	60),
('0006BC04',	'0003EB16',	'RR',	1,	1.00000000,	20),
('00034CDF',	'0003EB07',	'RR',	4,	5.00000000,	300),
('00034CDF',	'00073F25',	'RR',	3,	50.00000000,	5),
('00034CDF',	'0003EB28',	'RR',	2,	4.00000000,	60),
('00034CDF',	'00073F51',	'RR',	1,	1.00000000,	30),
('0006F950',	'0003EB01',	'RR',	4,	4.00000000,	300),
('0006F950',	'0003EB08',	'RR',	3,	5.00000000,	300),
('0006F950',	'0003EB27',	'RR',	2,	4.00000000,	60),
('0006F950',	'00073F51',	'RR',	1,	2.00000000,	30),
('0003AD6F',	'0003EB1F',	'RR',	4,	5.00000000,	60),
('0003AD6F',	'0003EB42',	'RR',	3,	2.00000000,	1),
('0003AD6F',	'00073F26',	'RR',	2,	2.00000000,	10),
('0003AD6F',	'00073F2C',	'RR',	1,	100.00000000,	5),
('0007E8C5',	'0003EAF9',	'RR',	4,	4.00000000,	60),
('0007E8C5',	'0010AA4A',	'RR',	3,	1.00000000,	10),
('0007E8C5',	'0003EB20',	'RR',	2,	3.00000000,	60),
('0007E8C5',	'00090041',	'RR',	1,	4.00000000,	60),
('0003AD70',	'0003EB1C',	'RR',	4,	4.00000000,	60),
('0003AD70',	'0003EB1F',	'RR',	3,	7.00000000,	60),
('0003AD70',	'0010AA4A',	'RR',	2,	1.00000000,	10),
('0003AD70',	'0003EAEB',	'RR',	1,	3.00000000,	60),
('0001B3BD',	'0003EAEC',	'RR',	4,	2.00000000,	60),
('0001B3BD',	'0003EAEB',	'RR',	3,	2.00000000,	60),
('0001B3BD',	'0003EB08',	'RR',	2,	1.00000000,	20),
('0001B3BD',	'0003EAEA',	'RR',	1,	2.00000000,	60),
('0009151B',	'0003EB1B',	'RR',	4,	3.33000000,	60),
('0009151B',	'0003EB21',	'RR',	3,	2.00000000,	30),
('0009151B',	'00073F2B',	'RR',	2,	100.00000000,	5),
('0009151B',	'0003A2C6',	'RR',	1,	3.00000000,	0),
('xx065314',	'0003EB15',	'RR',	4,	1.00000000,	20),
('xx065314',	'0003A2B6',	'RR',	3,	3.00000000,	0),
('xx065314',	'00073F26',	'RR',	2,	2.00000000,	10),
('xx065314',	'0003EB16',	'RR',	1,	1.50000000,	20),
('00083E64',	'0003EB17',	'RR',	4,	1.00000000,	20),
('00083E64',	'0003EB24',	'RR',	3,	4.00000000,	60),
('00083E64',	'00073F27',	'RR',	2,	2.00000000,	10),
('00083E64',	'00090041',	'RR',	1,	4.00000000,	60),
('00063B5F',	'0003EB24',	'RR',	4,	4.00000000,	60),
('00063B5F',	'0003EB28',	'RR',	3,	4.00000000,	60),
('00063B5F',	'0003EB27',	'RR',	2,	4.00000000,	60),
('00063B5F',	'00073F2B',	'RR',	1,	100.00000000,	5),
('0007E8B7',	'0003EB15',	'RR',	4,	1.00000000,	20),
('0007E8B7',	'0003EB42',	'RR',	3,	5.00000000,	1),
('0007E8B7',	'0010DE5F',	'RR',	2,	1.00000000,	10),
('0007E8B7',	'0003EAEC',	'RR',	1,	3.00000000,	60),
('0003AD71',	'0003EB17',	'RR',	4,	1.00000000,	20),
('0003AD71',	'0003EB07',	'RR',	3,	5.00000000,	300),
('0003AD71',	'0003EB27',	'RR',	2,	4.00000000,	60),
('0003AD71',	'00073F51',	'RR',	1,	2.00000000,	30),
('000134AA',	'0003EB1F',	'RR',	4,	5.00000000,	60),
('000134AA',	'00090041',	'RR',	3,	3.00000000,	0),
('000134AA',	'00073F23',	'RR',	2,	2.00000000,	10),
('000134AA',	'0003EAEB',	'RR',	1,	3.00000000,	60),
('0003AD72',	'0003EB42',	'RR',	4,	2.00000000,	1),
('0003AD72',	'00073F29',	'RR',	3,	2.24000000,	20),
('0003AD72',	'0003EB1A',	'RR',	2,	4.00000000,	60),
('0003AD72',	'00090041',	'RR',	1,	4.00000000,	60),
('0003F7F8',	'0003EB23',	'RR',	4,	2.00000000,	30),
('0003F7F8',	'0003EB1C',	'RR',	3,	3.00000000,	60),
('0003F7F8',	'0003EAF8',	'RR',	2,	3.00000000,	60),
('0003F7F8',	'00039E51',	'RR',	1,	1.00000000,	60),
('0003AD76',	'000AE722',	'RR',	4,	5.00000000,	0),
('0003AD76',	'0003EB3D',	'RR',	3,	0.00000000,	15),
('0003AD76',	'0320B30F',	'RR',	2,	0.00000000,	10),
('0003AD76',	'034F6D1D',	'RR',	1,	175.00000000,	3600),
('0003AD60',	'0003EAF8',	'RR',	4,	8.00000000,	300),
('0003AD60',	'0003EB42',	'RR',	3,	10.00000000,	1),
('0003AD60',	'00039E51',	'RR',	2,	3.00000000,	300),
('0003AD60',	'00073F2F',	'RR',	1,	20.00000000,	30),
('0004B0BA',	'0010DE5F',	'RR',	4,	1.00000000,	10),
('0004B0BA',	'00073F2C',	'RR',	3,	100.00000000,	5),
('0004B0BA',	'0003EAF3',	'RR',	2,	2.00000000,	60),
('0004B0BA',	'0003EB15',	'RR',	1,	0.50000000,	20),
('0006BC0E',	'00039E51',	'RR',	4,	1.00000000,	60),
('0006BC0E',	'0003EB01',	'RR',	3,	4.00000000,	300),
('0006BC0E',	'0003EB26',	'RR',	2,	5.00000000,	60),
('0006BC0E',	'0320B30F',	'RR',	1,	0.00000000,	4),
('xx04365E',	'00073F29',	'RR',	4,	1.82000000,	20),
('xx04365E',	'0003A2C6',	'RR',	3,	5.00000000,	5),
('00034D32',	'0003EAEB',	'RQ',	1,	3.00000000,	60),
('0003AD5F',	'0003EB25',	'RQ',	4,	5.00000000,	180),
('0003AD5F',	'0003EB17',	'RQ',	3,	3.50000000,	45),
('0003AD5F',	'0003EAEB',	'RQ',	2,	6.00000000,	300),
('0003AD5F',	'00073F2D',	'RQ',	1,	3.00000000,	60),
('00034D22',	'0003EB06',	'RQ',	4,	5.00000000,	60),
('00034D22',	'0003EB07',	'RQ',	3,	5.00000000,	60),
('00034D22',	'0003EAF9',	'RQ',	2,	1.00000000,	60),
('00034D22',	'00090041',	'RQ',	1,	2.00000000,	300),
('0007E8C1',	'0003EB17',	'RQ',	4,	0.50000000,	20),
('0007E8C1',	'00090042',	'RQ',	3,	2.00000000,	30),
('0007E8C1',	'00073F26',	'RQ',	2,	2.00000000,	10),
('0007E8C1',	'00073F2F',	'RQ',	1,	3.00000000,	30),
('0003AD64',	'00073F2C',	'RQ',	4,	100.00000000,	5),
('0003AD64',	'0003EB01',	'RQ',	3,	4.00000000,	300),
('0003AD64',	'0003EAF3',	'RQ',	2,	4.00000000,	300),
('0003AD64',	'0003A2C6',	'RQ',	1,	3.00000000,	0),
('0003AD73',	'0003EAEC',	'RQ',	4,	3.00000000,	60),
('0003AD73',	'0003EB26',	'RQ',	3,	5.00000000,	60),
('0003AD73',	'00073F2B',	'RQ',	2,	100.00000000,	5),
('0003AD73',	'0003A2B6',	'RQ',	1,	3.00000000,	0),
('0007EE01',	'0003EAF3',	'RQ',	4,	4.00000000,	60),
('0007EE01',	'0003EAF9',	'RQ',	3,	4.00000000,	30),
('0007EE01',	'0003EB26',	'RQ',	2,	5.00000000,	60),
('0007EE01',	'0003EAEC',	'RQ',	1,	3.00000000,	60),
('0006B689',	'0320B30F',	'RQ',	4,	0.00000000,	4),
('0006B689',	'0003EB27',	'RQ',	3,	4.00000000,	60),
('0006B689',	'0010DE5F',	'RQ',	2,	1.00000000,	10),
('0006B689',	'00039E51',	'RQ',	1,	1.00000000,	120),
('0003AD66',	'00073F2F',	'RQ',	4,	3.00000000,	30),
('0003AD66',	'00073F29',	'RQ',	3,	3.00000000,	20),
('0003AD66',	'0003EB25',	'RQ',	2,	5.00000000,	60),
('0003AD66',	'0003A2B6',	'RQ',	1,	3.00000000,	0),
('00057F91',	'0003EB19',	'RQ',	4,	4.00000000,	60),
('00057F91',	'00073F2B',	'RQ',	3,	100.00000000,	5),
('00057F91',	'0003EAF3',	'RQ',	2,	4.00000000,	60),
('00057F91',	'0003A2B6',	'RQ',	1,	3.00000000,	0),
('000E7EBC',	'0003EAEC',	'RQ',	4,	3.00000000,	60),
('000E7EBC',	'0003EB01',	'RQ',	3,	4.00000000,	300),
('000E7EBC',	'0003EAEB',	'RQ',	2,	3.00000000,	60),
('000E7EBC',	'0003EB16',	'RQ',	1,	1.50000000,	20),
('000E7ED0',	'0003EB22',	'RQ',	4,	4.00000000,	60),
('000E7ED0',	'0003EB19',	'RQ',	3,	4.00000000,	60),
('000E7ED0',	'000AE722',	'RQ',	2,	100.00000000,	0),
('000E7ED0',	'0003EB1F',	'RQ',	1,	7.00000000,	60),
('xx034E09',	'0003EB42',	'RQ',	4,	2.00000000,	1),
('xx034E09',	'00073F29',	'RQ',	3,	1.00000000,	20),
('xx034E09',	'0003EB1A',	'RQ',	2,	4.00000000,	60),
('xx034E09',	'00090041',	'RQ',	1,	4.00000000,	180),
('001016B3',	'0003EB22',	'RQ',	4,	4.00000000,	60),
('001016B3',	'0003EB17',	'RQ',	3,	1.00000000,	20),
('001016B3',	'00073F30',	'RQ',	2,	0.00000000,	1),
('001016B3',	'0003EB42',	'RQ',	1,	2.00000000,	1),
('000B18CD',	'00073F29',	'RQ',	4,	3.00000000,	20),
('000B18CD',	'00073F2B',	'RQ',	3,	100.00000000,	5),
('000B18CD',	'0003A2B6',	'RQ',	2,	5.00000000,	0),
('000B18CD',	'0003EB42',	'RQ',	1,	5.00000000,	1),
('0003AD6A',	'00073F2D',	'RQ',	4,	3.00000000,	30),
('0003AD6A',	'0003EB3D',	'RQ',	3,	0.00000000,	4),
('0003AD6A',	'0320B30F',	'RQ',	2,	0.00000000,	2),
('0003AD6A',	'00073F2E',	'RQ',	1,	3.00000000,	30),
('0006AC4A',	'00073F26',	'RQ',	4,	1.00000000,	10),
('0006AC4A',	'0003EB07',	'RQ',	3,	2.00000000,	300),
('0006AC4A',	'0003EAF8',	'RQ',	2,	2.00000000,	60),
('0006AC4A',	'00073F51',	'RQ',	1,	1.00000000,	30),
('0005076E',	'00073F2C',	'RQ',	4,	100.00000000,	5),
('0005076E',	'0003EB06',	'RQ',	3,	5.00000000,	300),
('0005076E',	'0003EB1B',	'RQ',	2,	4.00000000,	60),
('0005076E',	'00073F2D',	'RQ',	1,	3.00000000,	30),
('00045C28',	'0003EB25',	'RQ',	4,	4.00000000,	60),
('xx043663',	'0003EB16',	'RR',	1,	1.00000000,	20),
('xx043663',	'0003EB1F',	'RR',	2,	4.00000000,	60),
('xx043663',	'0003EB08',	'RR',	3,	10.00000000,	60),
('xx043663',	'00073F2B',	'RR',	4,	100.00000000,	5),
('0003AD56',	'00090042',	'RR',	1,	4.00000000,	30),
('0003AD56',	'0003EAF9',	'RR',	2,	4.00000000,	60),
('0003AD56',	'0003A2B6',	'RR',	3,	3.00000000,	0),
('0003AD56',	'0003EB3D',	'RR',	4,	0.00000000,	4),
('00052695',	'0003EB16',	'RR',	1,	0.50000000,	20),
('00052695',	'00090041',	'RR',	2,	2.00000000,	60),
('00052695',	'0003AC2D',	'RR',	3,	0.00000000,	20),
('00052695',	'0003EB15',	'RR',	4,	0.50000000,	20),
('0006ABCB',	'0003A2C6',	'RR',	1,	3.00000000,	0),
('0006ABCB',	'0003EB19',	'RR',	2,	4.00000000,	60),
('0006ABCB',	'0003EB1B',	'RR',	3,	2.50000000,	60),
('0006ABCB',	'0003EB42',	'RR',	4,	10.00000000,	1),
('0003AD61',	'0003EB17',	'RR',	1,	2.00000000,	30),
('0003AD61',	'0003EB1C',	'RR',	2,	2.00000000,	120),
('0003AD61',	'00073F30',	'RR',	3,	0.00000000,	1),
('0003AD61',	'0003EAF8',	'RR',	4,	4.00000000,	120),
('00034CDD',	'0003A2C6',	'RR',	1,	3.00000000,	0),
('00034CDD',	'0003EAEA',	'RR',	2,	2.00000000,	60),
('00034CDD',	'0003EB25',	'RR',	3,	3.00000000,	60),
('00034CDD',	'00073F23',	'RR',	4,	2.00000000,	10),
('00023D77',	'00039E51',	'RR',	1,	1.00000000,	60),
('00023D77',	'00073F2B',	'RR',	2,	100.00000000,	5),
('00023D77',	'0003AC2D',	'RR',	3,	0.00000000,	5),
('00023D77',	'0010DE5E',	'RR',	4,	1.00000000,	10),
('00023D6F',	'0003EB16',	'RR',	1,	1.00000000,	20),
('00023D6F',	'0003EB21',	'RR',	2,	2.00000000,	30),
('00023D6F',	'00090042',	'RR',	3,	2.00000000,	30),
('00023D6F',	'0003EAEC',	'RR',	4,	3.00000000,	60),
('0007E8C8',	'0003EB15',	'RR',	1,	0.50000000,	20),
('0007E8C8',	'0003EB19',	'RR',	2,	4.00000000,	60),
('0007E8C8',	'0003A2C6',	'RR',	3,	3.00000000,	0),
('0007E8C8',	'00073F51',	'RR',	4,	2.00000000,	30),
('000B08C5',	'0003EB16',	'RR',	1,	2.00000000,	20),
('000B08C5',	'0003EB1C',	'RR',	2,	4.00000000,	60),
('000B08C5',	'0003EB1F',	'RR',	3,	4.00000000,	60),
('000B08C5',	'00073F23',	'RR',	4,	2.00000000,	10),
('000A9191',	'00090041',	'RR',	1,	2.00000000,	60),
('000A9191',	'0003EB1F',	'RR',	2,	4.00000000,	60),
('000A9191',	'0003EB22',	'RR',	3,	2.00000000,	60),
('000A9191',	'0003EB26',	'RR',	4,	5.00000000,	60),
('xx04365F',	'0003EAF3',	'RR',	1,	5.00000000,	300),
('xx04365F',	'00073F29',	'RR',	2,	2.24000000,	20),
('xx04365F',	'0003A2C6',	'RR',	3,	5.00000000,	5),
('xx04365F',	'0003EB26',	'RR',	4,	1.00000000,	60),
('0006BC02',	'0003EB16',	'RR',	1,	1.00000000,	20),
('0006BC02',	'0003EB1F',	'RR',	2,	5.00000000,	60),
('0006BC02',	'0003EB08',	'RR',	3,	10.00000000,	60),
('0006BC02',	'00073F2B',	'RR',	4,	100.00000000,	5),
('0006BC0B',	'00090042',	'RR',	1,	2.00000000,	30),
('0006BC0B',	'0003EB28',	'RR',	2,	4.00000000,	60),
('0006BC0B',	'0010DE5E',	'RR',	3,	1.00000000,	10),
('0006BC0B',	'0003EB23',	'RR',	4,	4.00000000,	30),
('0006BC0A',	'0003EB16',	'RR',	1,	1.50000000,	20),
('0006BC0A',	'0003EAF9',	'RR',	2,	5.00000000,	120),
('0006BC0A',	'00073F25',	'RR',	3,	50.00000000,	5),
('0006BC0A',	'00073F2C',	'RR',	4,	50.00000000,	5),
('xx07524B',	'0003EB3D',	'RR',	1,	0.00000000,	60),
('xx07524B',	'0320B30F',	'RR',	2,	0.00000000,	10),
('xx07524B',	'0003EB26',	'RR',	3,	5.00000000,	60),
('xx07524B',	'0003EAEC',	'RR',	4,	5.00000000,	60),
('xx3AB3BC',	'0003EB42',	'RR',	1,	10.00000000,	0),
('xx3AB3BC',	'0003EB01',	'RR',	2,	5.00000000,	600),
('xx3AB3BC',	'0003EB17',	'RR',	3,	1.50000000,	20),
('xx3AB3BC',	'0003A2C6',	'RR',	4,	3.00000000,	60),
('xx44C4A8',	'0010AA4A',	'RR',	1,	1.00000000,	60),
('xx44C4A8',	'0003EB42',	'RR',	2,	10.00000000,	1),
('xx44C4A8',	'0010DE5E',	'RR',	3,	1.00000000,	60),
('xx44C4A8',	'00073F30',	'RR',	4,	0.00000000,	1),
('xx3AB3C5',	'0003A2C6',	'RR',	1,	3.00000000,	60),
('xx3AB3C5',	'000AE722',	'RR',	2,	1.00000000,	0),
('xx3AB3C5',	'0003AC2D',	'RR',	3,	0.00000000,	30),
('xx3AB3C5',	'00090041',	'RR',	4,	5.00000000,	180),
('xx00F1CC',	'00039E51',	'RR',	1,	1.00000000,	60),
('xx00F1CC',	'00073F2B',	'RR',	2,	100.00000000,	5),
('xx00F1CC',	'0003AC2D',	'RR',	3,	0.00000000,	5),
('xx00F1CC',	'0010DE5E',	'RR',	4,	1.00000000,	10),
('xx003545',	'0003EB16',	'RR',	1,	2.00000000,	0),
('xx003545',	'0003AC2D',	'RR',	2,	0.00000000,	60),
('xx003545',	'0003EAF8',	'RR',	3,	50.00000000,	5),
('xx003545',	'0003EB07',	'RR',	4,	5.00000000,	300),
('xx03CD8E',	'0003EB15',	'RR',	1,	1.00000000,	10),
('xx03CD8E',	'0003EB1F',	'RR',	2,	4.00000000,	60),
('xx03CD8E',	'00090041',	'RR',	3,	5.00000000,	60),
('xx03CD8E',	'00039E51',	'RR',	4,	1.00000000,	120),
('xx01FF75',	'0003EB42',	'RR',	1,	3.00000000,	1),
('xx01FF75',	'0003EAF8',	'RR',	2,	2.00000000,	60),
('xx01FF75',	'0003EB06',	'RR',	3,	5.00000000,	300),
('xx01FF75',	'0003EB1A',	'RR',	4,	4.00000000,	60),
('xx01CD74',	'0003A2C6',	'RR',	1,	3.00000000,	0),
('xx01CD74',	'0003EB3D',	'RR',	2,	0.00000000,	4),
('xx01CD74',	'0003EAEA',	'RR',	3,	2.00000000,	60),
('xx01CD74',	'0003EB26',	'RR',	4,	5.00000000,	60),
('xx01CD72',	'0003EB42',	'RR',	1,	10.00000000,	1),
('xx01CD72',	'0003EB01',	'RR',	2,	4.00000000,	300),
('xx01CD72',	'0003EB16',	'RR',	3,	1.50000000,	20),
('xx01CD72',	'00073F20',	'RR',	4,	2.00000000,	30),
('xx01CD71',	'0003EB15',	'RR',	1,	0.50000000,	20),
('xx01CD71',	'0003EB1F',	'RR',	2,	4.00000000,	60),
('xx01CD71',	'0003EAEC',	'RR',	3,	3.00000000,	60),
('xx01CD71',	'00073F2E',	'RR',	4,	3.00000000,	30),
('xx01CD6F',	'0003EAF9',	'RR',	1,	1.00000000,	20),
('xx01CD6F',	'0003EAF3',	'RR',	2,	1.00000000,	20),
('xx01CD6F',	'0003EB1C',	'RR',	3,	1.00000000,	20),
('xx01CD6F',	'00073F29',	'RR',	4,	0.98000000,	20),
('xx01CD6E',	'00073F2D',	'RR',	1,	3.00000000,	30),
('xx01CD6E',	'0003EB24',	'RR',	2,	4.00000000,	60),
('xx01CD6E',	'00073F2B',	'RR',	3,	100.00000000,	5),
('xx01CD6E',	'00073F25',	'RR',	4,	50.00000000,	5),
('xx01CD6D',	'00073F23',	'RR',	1,	2.00000000,	10),
('xx01CD6D',	'0003EAEA',	'RR',	2,	2.00000000,	60),
('xx01CD6D',	'0003EB27',	'RR',	3,	3.00000000,	60),
('xx01CD6D',	'00073F27',	'RR',	4,	2.00000000,	10),
('xx017E97',	'00073F26',	'RR',	1,	2.00000000,	10),
('xx017E97',	'00073F23',	'RR',	2,	2.00000000,	10),
('xx017E97',	'00073F27',	'RR',	3,	2.00000000,	10),
('xx017E97',	'0010AA4A',	'RR',	4,	1.00000000,	10),
('xx017008',	'00073F2F',	'RR',	1,	3.00000000,	30),
('xx017008',	'0003EB01',	'RR',	2,	4.00000000,	300),
('xx017008',	'0003A2B6',	'RR',	3,	3.00000000,	0),
('xx017008',	'00073F25',	'RR',	4,	50.00000000,	5),
('xx016E26',	'0003EAEA',	'RR',	1,	4.00000000,	80),
('xx016E26',	'00073F2F',	'RR',	2,	3.00000000,	30),
('xx016E26',	'0003EB21',	'RR',	3,	2.00000000,	30),
('xx016E26',	'0003EB22',	'RR',	4,	2.00000000,	60),
('00045C28',	'00073F27',	'RQ',	3,	2.00000000,	10),
('00045C28',	'0003EAF9',	'RQ',	2,	4.00000000,	60),
('00045C28',	'00039E51',	'RQ',	1,	1.00000000,	60),
('xx043661',	'0003EAF3',	'RQ',	4,	10.00000000,	180),
('xx043661',	'0003EAF9',	'RQ',	3,	5.00000000,	300),
('xx043661',	'0003EB1F',	'RQ',	2,	10.00000000,	60),
('xx043661',	'0003EB01',	'RQ',	1,	3.00000000,	600),
('000D8E3F',	'0003EB07',	'RQ',	4,	5.00000000,	300),
('000D8E3F',	'0003EB17',	'RQ',	3,	2.50000000,	20),
('000D8E3F',	'0003EAEB',	'RQ',	2,	3.00000000,	60),
('000D8E3F',	'00073F2D',	'RQ',	1,	3.00000000,	30),
('000EC870',	'0003EB27',	'RQ',	4,	4.00000000,	60),
('000EC870',	'0003EB08',	'RQ',	3,	5.00000000,	300),
('000EC870',	'0010AA4A',	'RQ',	2,	1.00000000,	10),
('000EC870',	'0003EB17',	'RQ',	1,	1.00000000,	20),
('000727DE',	'0003EB27',	'RQ',	4,	3.00000000,	60),
('000727DE',	'00073F2B',	'RQ',	3,	100.00000000,	5),
('000727DE',	'0003EB25',	'RQ',	2,	5.00000000,	60),
('000727DE',	'0003A2C6',	'RQ',	1,	3.00000000,	0),
('000727DF',	'0003EB3D',	'RQ',	4,	0.00000000,	4),
('000727DF',	'0003EB06',	'RQ',	3,	5.00000000,	300),
('000727DF',	'0003EB1F',	'RQ',	2,	5.00000000,	60),
('000727DF',	'0003A2B6',	'RQ',	1,	3.00000000,	0),
('000727E0',	'0003A2B6',	'RQ',	4,	3.00000000,	0),
('000727E0',	'0010DE5E',	'RQ',	3,	1.00000000,	10),
('000727E0',	'0003EB23',	'RQ',	2,	2.00000000,	30),
('000727E0',	'0003EB15',	'RQ',	1,	1.00000000,	20),
('00077E1C',	'00073F2B',	'RQ',	4,	5.00000000,	5),
('00077E1C',	'0003EAF3',	'RQ',	3,	2.00000000,	60),
('00077E1C',	'0003EB25',	'RQ',	2,	2.00000000,	60),
('00077E1C',	'0003EB15',	'RQ',	1,	0.25000000,	10),
('00077E1E',	'0003EAEB',	'RQ',	4,	1.00000000,	60),
('00077E1E',	'0010DE5F',	'RQ',	3,	1.00000000,	5),
('00077E1E',	'0003EB22',	'RQ',	2,	2.00000000,	60),
('00077E1E',	'0003EB16',	'RQ',	1,	0.25000000,	20),
('00077E1D',	'0003EB42',	'RQ',	4,	1.00000000,	1),
('00077E1D',	'0003EAF8',	'RQ',	3,	2.00000000,	60),
('00077E1D',	'00073F27',	'RQ',	2,	1.00000000,	10),
('00077E1D',	'0003EB17',	'RQ',	1,	0.25000000,	10),
('00074A19',	'0003EB07',	'RQ',	4,	5.00000000,	300),
('00074A19',	'00073F25',	'RQ',	3,	50.00000000,	5),
('00074A19',	'0003EB28',	'RQ',	2,	4.00000000,	60),
('00074A19',	'00073F51',	'RQ',	1,	2.00000000,	30),
('0006BC00',	'0003EAEA',	'RQ',	4,	3.00000000,	60),
('0006BC00',	'0003EAEC',	'RQ',	3,	4.00000000,	60),
('0006BC00',	'00090041',	'RQ',	2,	5.00000000,	60),
('0006BC00',	'0003EB16',	'RQ',	1,	0.50000000,	20),
('0004DA00',	'0003EB08',	'RQ',	4,	5.00000000,	300),
('0004DA00',	'00073F29',	'RQ',	3,	2.00000000,	20),
('0004DA00',	'0003EB1A',	'RQ',	2,	4.00000000,	60),
('0004DA00',	'0003EAEA',	'RQ',	1,	3.00000000,	60),
('0004DA20',	'00039E51',	'RQ',	4,	1.00000000,	60),
('0004DA20',	'00090042',	'RQ',	3,	2.00000000,	30),
('0004DA20',	'0003EB1C',	'RQ',	2,	4.00000000,	60),
('0004DA20',	'00073F2D',	'RQ',	1,	3.00000000,	30),
('0004DA22',	'00073F27',	'RQ',	4,	2.00000000,	10),
('0004DA22',	'0003EB17',	'RQ',	3,	0.50000000,	20),
('0004DA22',	'0003EB1F',	'RQ',	2,	5.00000000,	60),
('0004DA22',	'00073F2E',	'RQ',	1,	3.00000000,	30),
('0004DA23',	'0003EB15',	'RQ',	4,	0.50000000,	20),
('0004DA23',	'0003EB01',	'RQ',	3,	5.00000000,	60),
('0004DA23',	'0010AA4A',	'RQ',	2,	1.00000000,	10),
('0004DA23',	'0003EB42',	'RQ',	1,	3.00000000,	1),
('0004DA24',	'0003EB06',	'RQ',	4,	5.00000000,	300),
('0004DA24',	'00073F20',	'RQ',	3,	2.00000000,	30),
('0004DA24',	'0003EB21',	'RQ',	2,	2.00000000,	30),
('0004DA24',	'0003A2B6',	'RQ',	1,	3.00000000,	0),
('0004DA25',	'0003EB08',	'RQ',	4,	4.00000000,	30),
('0004DA25',	'0003EB15',	'RQ',	3,	1.50000000,	10),
('0004DA25',	'00073F29',	'RQ',	2,	2.00000000,	20),
('0004DA25',	'0003A2C6',	'RQ',	1,	3.00000000,	10),
('0002F44C',	'0003EB26',	'RQ',	4,	4.00000000,	60),
('0002F44C',	'0010DE5E',	'RQ',	3,	1.00000000,	10),
('0002F44C',	'00073F2B',	'RQ',	2,	100.00000000,	5),
('0002F44C',	'0003EB42',	'RQ',	1,	5.00000000,	1),
('00059B86',	'00039E51',	'RQ',	4,	4.00000000,	60),
('00059B86',	'0003EB3D',	'RQ',	3,	0.00000000,	16),
('00059B86',	'0003A2C6',	'RQ',	2,	15.00000000,	0),
('00059B86',	'0003EB42',	'RQ',	1,	15.00000000,	0),
('000B701A',	'00039E51',	'RQ',	4,	5.00000000,	180),
('000B701A',	'0003EB3D',	'RQ',	3,	0.00000000,	24),
('000B701A',	'0003A2C6',	'RQ',	2,	20.00000000,	0),
('000B701A',	'0003EB42',	'RQ',	1,	20.00000000,	1),
('0007EDF5',	'0003EB20',	'RQ',	4,	4.00000000,	60),
('0007EDF5',	'0003EB06',	'RQ',	3,	5.00000000,	300),
('0007EDF5',	'0003AC2D',	'RQ',	2,	0.00000000,	5),
('0007EDF5',	'0003A2B6',	'RQ',	1,	3.00000000,	0),
('000854FE',	'0003EAEC',	'RQ',	4,	3.00000000,	60),
('000854FE',	'0003EB17',	'RQ',	3,	1.50000000,	20),
('000854FE',	'0003EB1C',	'RQ',	2,	4.00000000,	60),
('000854FE',	'0003EB16',	'RQ',	1,	1.50000000,	20),
('00085500',	'0003EAEB',	'RQ',	4,	3.00000000,	60),
('00085500',	'0003EB28',	'RQ',	3,	4.00000000,	60),
('00085500',	'0003EB19',	'RQ',	2,	4.00000000,	60),
('00085500',	'0003EB16',	'RQ',	1,	1.00000000,	20),
('0006BC10',	'00073F20',	'RQ',	4,	2.00000000,	30),
('0006BC10',	'00073F2D',	'RQ',	3,	3.00000000,	30),
('0006BC10',	'0003EB22',	'RQ',	2,	4.00000000,	60),
('0006BC10',	'0003EB16',	'RQ',	1,	2.50000000,	20),
('0006BC07',	'0003EB15',	'RQ',	4,	0.50000000,	20),
('0006BC07',	'0003A2B6',	'RQ',	3,	3.00000000,	0),
('0006BC07',	'00073F26',	'RQ',	2,	2.00000000,	10),
('0006BC07',	'0003EB16',	'RQ',	1,	1.50000000,	20),
('xx043665',	'00073F29',	'RQ',	4,	2.00000000,	20),
('xx043665',	'0003A2C6',	'RQ',	3,	5.00000000,	5),
('xx043665',	'0003A2B6',	'RQ',	2,	3.00000000,	0),
('xx043665',	'0003EB42',	'RQ',	1,	3.00000000,	1),
('0006BC04',	'00090042',	'RQ',	4,	2.00000000,	30),
('0006BC04',	'0003EAF9',	'RQ',	3,	4.00000000,	30),
('0006BC04',	'0003EB1F',	'RQ',	2,	4.00000000,	60),
('0006BC04',	'0003EB16',	'RQ',	1,	1.00000000,	20),
('00034CDF',	'0003EB07',	'RQ',	4,	5.00000000,	300),
('00034CDF',	'00073F25',	'RQ',	3,	50.00000000,	5),
('00034CDF',	'0003EB28',	'RQ',	2,	4.00000000,	60),
('00034CDF',	'00073F51',	'RQ',	1,	1.00000000,	30),
('0006F950',	'0003EB01',	'RQ',	4,	4.00000000,	300),
('0006F950',	'0003EB08',	'RQ',	3,	5.00000000,	300),
('0006F950',	'0003EB27',	'RQ',	2,	4.00000000,	60),
('0006F950',	'00073F51',	'RQ',	1,	2.00000000,	30),
('0003AD6F',	'0003EB1F',	'RQ',	4,	5.00000000,	60),
('0003AD6F',	'0003EB42',	'RQ',	3,	2.00000000,	1),
('0003AD6F',	'00073F26',	'RQ',	2,	2.00000000,	10),
('0003AD6F',	'00073F2C',	'RQ',	1,	100.00000000,	5),
('0007E8C5',	'0003EAF9',	'RQ',	4,	4.00000000,	60),
('0007E8C5',	'0010AA4A',	'RQ',	3,	1.00000000,	10),
('0007E8C5',	'0003EB20',	'RQ',	2,	4.00000000,	60),
('0007E8C5',	'00090041',	'RQ',	1,	4.00000000,	60),
('0003AD70',	'0003EB1C',	'RQ',	4,	4.00000000,	60),
('0003AD70',	'0003EB1F',	'RQ',	3,	7.00000000,	60),
('0003AD70',	'0010AA4A',	'RQ',	2,	1.00000000,	10),
('0003AD70',	'0003EAEB',	'RQ',	1,	3.00000000,	60),
('0001B3BD',	'0003EAEC',	'RQ',	4,	2.00000000,	60),
('0001B3BD',	'0003EAEB',	'RQ',	3,	2.00000000,	60),
('0001B3BD',	'0003EB08',	'RQ',	2,	1.00000000,	20),
('0001B3BD',	'0003EAEA',	'RQ',	1,	2.00000000,	60),
('0009151B',	'0003EB1B',	'RQ',	4,	4.00000000,	60),
('0009151B',	'0003EB21',	'RQ',	3,	2.00000000,	30),
('0009151B',	'00073F2B',	'RQ',	2,	100.00000000,	5),
('0009151B',	'0003A2C6',	'RQ',	1,	3.00000000,	0),
('xx065314',	'0003EB15',	'RQ',	4,	1.00000000,	20),
('xx065314',	'0003A2B6',	'RQ',	3,	3.00000000,	0),
('xx065314',	'00073F26',	'RQ',	2,	2.00000000,	10),
('xx065314',	'0003EB16',	'RQ',	1,	1.50000000,	20),
('00083E64',	'0003EB17',	'RQ',	4,	1.00000000,	20),
('00083E64',	'0003EB24',	'RQ',	3,	4.00000000,	60),
('00083E64',	'00073F27',	'RQ',	2,	2.00000000,	10),
('00083E64',	'00090041',	'RQ',	1,	4.00000000,	60),
('00063B5F',	'0003EB24',	'RQ',	4,	4.00000000,	60),
('00063B5F',	'0003EB28',	'RQ',	3,	4.00000000,	60),
('00063B5F',	'0003EB27',	'RQ',	2,	4.00000000,	60),
('00063B5F',	'00073F2B',	'RQ',	1,	100.00000000,	5),
('0007E8B7',	'0003EB15',	'RQ',	4,	1.00000000,	20),
('0007E8B7',	'0003EB42',	'RQ',	3,	5.00000000,	1),
('0007E8B7',	'0010DE5F',	'RQ',	2,	1.00000000,	10),
('0007E8B7',	'0003EAEC',	'RQ',	1,	3.00000000,	60),
('0003AD71',	'0003EB17',	'RQ',	4,	1.00000000,	20),
('0003AD71',	'0003EB07',	'RQ',	3,	5.00000000,	300),
('0003AD71',	'0003EB27',	'RQ',	2,	4.00000000,	60),
('0003AD71',	'00073F51',	'RQ',	1,	2.00000000,	30),
('000134AA',	'0003EB1F',	'RQ',	4,	5.00000000,	60),
('000134AA',	'00090041',	'RQ',	3,	3.00000000,	0),
('000134AA',	'00073F23',	'RQ',	2,	2.00000000,	10),
('000134AA',	'0003EAEB',	'RQ',	1,	3.00000000,	60),
('0003AD72',	'0003EB42',	'RQ',	4,	2.00000000,	1),
('0003AD72',	'00073F29',	'RQ',	3,	2.00000000,	20),
('0003AD72',	'0003EB1A',	'RQ',	2,	4.00000000,	60),
('0003AD72',	'00090041',	'RQ',	1,	4.00000000,	60),
('0003F7F8',	'0003EB23',	'RQ',	4,	2.00000000,	30),
('0003F7F8',	'0003EB1C',	'RQ',	3,	3.00000000,	60),
('0003F7F8',	'0003EAF8',	'RQ',	2,	3.00000000,	60),
('0003F7F8',	'00039E51',	'RQ',	1,	1.00000000,	60),
('0003AD76',	'000AE722',	'RQ',	4,	5.00000000,	0),
('0003AD76',	'0003EB3D',	'RQ',	3,	0.00000000,	15),
('0003AD76',	'0320B30F',	'RQ',	2,	0.00000000,	10),
('0003AD76',	'034F6D1D',	'RQ',	1,	175.00000000,	3600),
('0003AD60',	'0003EAF8',	'RQ',	4,	8.00000000,	300),
('0003AD60',	'0003EB42',	'RQ',	3,	10.00000000,	1),
('0003AD60',	'00039E51',	'RQ',	2,	3.00000000,	300),
('0003AD60',	'00073F2F',	'RQ',	1,	20.00000000,	30),
('0004B0BA',	'0010DE5F',	'RQ',	4,	1.00000000,	10),
('0004B0BA',	'00073F2C',	'RQ',	3,	100.00000000,	5),
('0004B0BA',	'0003EAF3',	'RQ',	2,	2.00000000,	60),
('0004B0BA',	'0003EB15',	'RQ',	1,	0.50000000,	20),
('0006BC0E',	'00039E51',	'RQ',	4,	1.00000000,	60),
('0006BC0E',	'0003EB01',	'RQ',	3,	4.00000000,	300),
('0006BC0E',	'0003EB26',	'RQ',	2,	5.00000000,	60),
('0006BC0E',	'0320B30F',	'RQ',	1,	0.00000000,	4),
('xx04365E',	'00073F29',	'RQ',	4,	2.00000000,	20),
('xx04365E',	'0003A2C6',	'RQ',	3,	5.00000000,	5),
('xx04365E',	'0003A2B6',	'RQ',	2,	3.00000000,	0),
('xx04365E',	'0003EB42',	'RQ',	1,	3.00000000,	1);

DROP TABLE IF EXISTS `potions`;
CREATE TABLE `potions` (
  `id` char(8) NOT NULL,
  `dlc` char(2) NOT NULL,
  `name` varchar(50) NOT NULL,
  `weight` decimal(12,8) NOT NULL,
  `price` int(10) unsigned NOT NULL,
  `effectId` char(8) NOT NULL,
  `magnitude` decimal(12,8) NOT NULL,
  `duration` int(10) unsigned NOT NULL
) ENGINE=MyISAM DEFAULT CHARSET=utf8;

INSERT INTO `potions` (`id`, `dlc`, `name`, `weight`, `price`, `effectId`, `magnitude`, `duration`) VALUES
('000FFA02',	'RQ',	'Potion of Spiritedness (Remarkable)',	0.50000000,	668,	'0003EB08',	100.00000000,	300),
('000FFA01',	'RQ',	'Potion of Stamina (Remarkable)',	0.50000000,	300,	'0003EAF9',	100.00000000,	300),
('000FFA00',	'RQ',	'Potion of Spellflux (Remarkable)',	0.50000000,	668,	'0003EB07',	100.00000000,	300),
('000FF9FF',	'RQ',	'Potion of Regeneration (Remarkable)',	0.50000000,	60,	'0003EB06',	100.00000000,	300),
('000FF9FE',	'RQ',	'Potion of Featherweight (Remarkable)',	0.50000000,	571,	'0003EB01',	60.00000000,	600),
('000FF9FD',	'RQ',	'Potion of Spellpower (Remarkable)',	0.50000000,	341,	'0003EAF8',	100.00000000,	300),
('000FF9FC',	'RQ',	'Potion of Rigidity (Remarkable)',	0.50000000,	398,	'0003EAF3',	100.00000000,	300),
('000F9642',	'RQ',	'Ice Wraith Essence',	0.50000000,	96,	'0003EAEB',	75.00000000,	15),
('000D6980',	'RQ',	'Potion of Ably Persuading (Good)',	0.50000000,	132,	'000D6947',	50.00000000,	60),
('000D697F',	'RQ',	'Potion of Ably Persuading (Fair)',	0.50000000,	103,	'000D6947',	40.00000000,	60),
('000D6949',	'RQ',	'Potion of Ably Persuading (Faint)',	0.50000000,	75,	'000D6947',	30.00000000,	60),
('000D6948',	'RQ',	'Potion of Ably Persuading (Deficient)',	0.50000000,	48,	'000D6947',	20.00000000,	60),
('000AE723',	'RQ',	'Elixir of Vitality',	0.50000000,	250,	'000AE722',	100.00000000,	0),
('00065A64',	'RQ',	'Elixir of Poison Resistance',	0.50000000,	300,	'00090041',	75.00000000,	300),
('0003EB41',	'RQ',	'Potion of Invisibility (Good)',	0.50000000,	587,	'0003EB3D',	0.00000000,	50),
('0003EB40',	'RQ',	'Potion of Invisibility (Faint)',	0.50000000,	334,	'0003EB3D',	0.00000000,	30),
('0003EB3F',	'RQ',	'Potion of Invisibility (Fair)',	0.50000000,	459,	'0003EB3D',	0.00000000,	40),
('0003EB3E',	'RQ',	'Potion of Invisibility (Deficient)',	0.50000000,	214,	'0003EB3D',	0.00000000,	20),
('0003EB3A',	'RQ',	'Potion of Ably Restoring (Deficient)',	0.50000000,	48,	'0003EB28',	20.00000000,	60),
('0003EB39',	'RQ',	'Potion of Ably Deceiving (Deficient)',	0.50000000,	61,	'0003EB27',	25.00000000,	60),
('0003EB38',	'RQ',	'Potion of Ably Destroying (Deficient)',	0.50000000,	48,	'0003EB26',	20.00000000,	60),
('0003EB37',	'RQ',	'Potion of Ably Conjuring (Deficient)',	0.50000000,	61,	'0003EB25',	25.00000000,	60),
('0003EB36',	'RQ',	'Potion of Ably Transmuting (Deficient)',	0.50000000,	61,	'0003EB24',	25.00000000,	60),
('0003EB35',	'RQ',	'Potion of Ably Haggling (Deficient)',	0.50000000,	84,	'0003EB23',	10.00000000,	30),
('0003EB33',	'RQ',	'Potion of Ably Sneaking (Deficient)',	0.50000000,	45,	'0003EB22',	10.00000000,	60),
('0003EB32',	'RQ',	'Potion of Ably Defending (Deficient)',	0.50000000,	22,	'0003EB1C',	10.00000000,	60),
('0003EB31',	'RQ',	'Potion of Ably Pickpocketing (Deficient)',	0.50000000,	96,	'0003EB20',	20.00000000,	60),
('0003EB30',	'RQ',	'Potion of Stoneskin (Deficient)',	0.50000000,	22,	'0003EB1F',	25.00000000,	60),
('0003EB2F',	'RQ',	'Potion of Stoneskin (Deficient)',	0.50000000,	22,	'0003EB1E',	25.00000000,	60),
('0003EB2E',	'RQ',	'Potion of Ably Blacksmithing (Deficient)',	0.50000000,	1,	'0003EB1D',	2.00000000,	30),
('0003EB2C',	'RQ',	'Potion of Ably Aiming (Deficient)',	0.50000000,	96,	'0003EB1B',	20.00000000,	60),
('0003EB2B',	'RQ',	'Potion of Ably Berserking (Deficient)',	0.50000000,	96,	'0003EB1A',	20.00000000,	60),
('0003EB2A',	'RQ',	'Potion of Ably Fighting (Deficient)',	0.50000000,	96,	'0003EB19',	20.00000000,	60),
('0003EB14',	'RQ',	'Potion of Spiritedness (Good)',	0.50000000,	522,	'0003EB08',	80.00000000,	300),
('0003EB12',	'RQ',	'Potion of Spiritedness (Faint)',	0.50000000,	380,	'0003EB08',	60.00000000,	300),
('0003EB11',	'RQ',	'Potion of Spiritedness (Deficient)',	0.50000000,	311,	'0003EB08',	50.00000000,	300),
('0003EB10',	'RQ',	'Potion of Spellflux (Good)',	0.50000000,	522,	'0003EB07',	80.00000000,	300),
('0003EB0F',	'RQ',	'Potion of Spellflux (Fair)',	0.50000000,	451,	'0003EB07',	70.00000000,	300),
('0003EB0E',	'RQ',	'Potion of Spellflux (Faint)',	0.50000000,	380,	'0003EB07',	60.00000000,	300),
('0003EB0D',	'RQ',	'Potion of Spellflux (Deficient)',	0.50000000,	311,	'0003EB07',	50.00000000,	300),
('0003EB0C',	'RQ',	'Potion of Regeneration (Good)',	0.50000000,	50,	'0003EB06',	80.00000000,	300),
('0003EB0B',	'RQ',	'Potion of Regeneration (Fair)',	0.50000000,	40,	'0003EB06',	70.00000000,	300),
('0003EB0A',	'RQ',	'Potion of Regeneration (Faint)',	0.50000000,	30,	'0003EB06',	60.00000000,	300),
('0003EB09',	'RQ',	'Potion of Regeneration (Deficient)',	0.50000000,	20,	'0003EB06',	50.00000000,	300),
('0003EB05',	'RQ',	'Potion of Featherweight (Faint)',	0.50000000,	266,	'0003EB01',	30.00000000,	600),
('0003EB04',	'RQ',	'Potion of Featherweight (Good)',	0.50000000,	467,	'0003EB01',	50.00000000,	600),
('0003EB03',	'RQ',	'Potion of Featherweight (Fair)',	0.50000000,	365,	'0003EB01',	40.00000000,	600),
('0003EB02',	'RQ',	'Potion of Featherweight (Deficient)',	0.50000000,	170,	'0003EB01',	20.00000000,	600),
('0003EB00',	'RQ',	'Potion of Stamina (Faint)',	0.50000000,	100,	'0003EAF9',	40.00000000,	120),
('0003EAFF',	'RQ',	'Potion of Stamina (Good)',	0.50000000,	200,	'0003EAF9',	80.00000000,	240),
('0003EAFE',	'RQ',	'Potion of Stamina (Fair)',	0.50000000,	150,	'0003EAF9',	60.00000000,	180),
('0003EAFD',	'RQ',	'Potion of Stamina (Deficient)',	0.50000000,	29,	'0003EAF9',	20.00000000,	60),
('0003EAFC',	'RQ',	'Potion of Spellpower (Good)',	0.50000000,	266,	'0003EAF8',	80.00000000,	240),
('0003EAFB',	'RQ',	'Potion of Spellpower (Fair)',	0.50000000,	194,	'0003EAF8',	60.00000000,	180),
('0003EAFA',	'RQ',	'Potion of Spellpower (Faint)',	0.50000000,	124,	'0003EAF8',	40.00000000,	120),
('0003EAF7',	'RQ',	'Potion of Spellpower (Deficient)',	0.50000000,	58,	'0003EAF8',	20.00000000,	60),
('0003EAF6',	'RQ',	'Potion of Rigidity (Fair)',	0.50000000,	226,	'0003EAF3',	60.00000000,	180),
('0003EAF5',	'RQ',	'Potion of Rigidity (Good)',	0.50000000,	311,	'0003EAF3',	80.00000000,	240),
('0003EAF4',	'RQ',	'Potion of Rigidity (Faint)',	0.50000000,	145,	'0003EAF3',	40.00000000,	120),
('0003EAF2',	'RQ',	'Potion of Rigidity (Deficient)',	0.50000000,	67,	'0003EAF3',	20.00000000,	60),
('0003EAF1',	'RQ',	'Potion of Shockbane (Good)',	0.50000000,	265,	'0003EAEC',	50.00000000,	300),
('0003EAF0',	'RQ',	'Potion of Icebane (Good)',	0.50000000,	265,	'0003EAEB',	50.00000000,	300),
('0003EAEF',	'RQ',	'Potion of Flamebane (Good)',	0.50000000,	265,	'0003EAEA',	50.00000000,	300),
('0003EAEE',	'RQ',	'Potion of Shockbane (Faint)',	0.50000000,	151,	'0003EAEC',	30.00000000,	120),
('0003EAED',	'RQ',	'Potion of Icebane (Faint)',	0.50000000,	151,	'0003EAEB',	30.00000000,	120),
('0003EAE9',	'RQ',	'Potion of Flamebane (Faint)',	0.50000000,	151,	'0003EAEA',	30.00000000,	120),
('0003EAE8',	'RQ',	'Potion of Recuperation (Good)',	0.50000000,	75,	'0003EB16',	10.00000000,	20),
('0003EAE7',	'RQ',	'Potion of Recuperation (Fair)',	0.50000000,	50,	'0003EB16',	8.00000000,	20),
('0003EAE6',	'RQ',	'Potion of Recuperation (Remarkable)',	0.50000000,	85,	'0003EB16',	12.00000000,	20),
('0003EAE5',	'RQ',	'Potion of Recuperation (Deficient)',	0.50000000,	20,	'0003EB16',	3.00000000,	20),
('0003EAE4',	'RQ',	'Potion of Magicka (Good)',	0.50000000,	70,	'0003EB17',	10.00000000,	20),
('0003EAE3',	'RQ',	'Potion of Healing (Good)',	0.50000000,	80,	'0003EB15',	10.00000000,	20),
('0003EAE2',	'RQ',	'Potion of Magicka (Fair)',	0.50000000,	50,	'0003EB17',	8.00000000,	20),
('0003EAE1',	'RQ',	'Potion of Magicka (Faint)',	0.50000000,	30,	'0003EB17',	5.00000000,	20),
('0003EAE0',	'RQ',	'Potion of Magicka (Deficient)',	0.50000000,	15,	'0003EB17',	3.00000000,	20),
('0003EADF',	'RQ',	'Potion of Healing (Fair)',	0.50000000,	60,	'0003EB15',	8.00000000,	20),
('0003EADE',	'RQ',	'Potion of Healing (Faint)',	0.50000000,	40,	'0003EB15',	5.00000000,	20),
('0003EADD',	'RQ',	'Potion of Healing (Deficient)',	0.50000000,	20,	'0003EB15',	3.00000000,	20),
('0003AC31',	'RQ',	'Potion of Waterbreathing (Good)',	0.50000000,	215,	'0003AC2D',	0.00000000,	60),
('0003AC30',	'RQ',	'Potion of Waterbreathing (Fair)',	0.50000000,	156,	'0003AC2D',	0.00000000,	45),
('0003AC2F',	'RQ',	'Potion of Waterbreathing (Faint)',	0.50000000,	100,	'0003AC2D',	0.00000000,	30),
('0003AC2E',	'RQ',	'Potion of Waterbreathing (Deficient)',	0.50000000,	46,	'0003AC2D',	0.00000000,	15),
('00039E55',	'RQ',	'Potion of Spellshield (Good)',	0.50000000,	247,	'00039E51',	25.00000000,	300),
('00039E54',	'RQ',	'Potion of Spellshield (Fair)',	0.50000000,	193,	'00039E51',	20.00000000,	180),
('00039E53',	'RQ',	'Potion of Spellshield (Faint)',	0.50000000,	141,	'00039E51',	15.00000000,	120),
('00039E52',	'RQ',	'Potion of Spellshield (Deficient)',	0.50000000,	45,	'00039E51',	10.00000000,	60),
('00039D12',	'RQ',	'Potion of Ably Enchanting (Good)',	0.50000000,	25,	'0003EB29',	5.00000000,	60),
('00039D0A',	'RQ',	'Potion of Ably Enchanting (Fair)',	0.50000000,	19,	'0003EB29',	4.00000000,	60),
('00039D02',	'RQ',	'Potion of Ably Enchanting (Faint)',	0.50000000,	14,	'0003EB29',	3.00000000,	60),
('00039CFB',	'RQ',	'Potion of Ably Enchanting (Deficient)',	0.50000000,	9,	'0003EB29',	2.00000000,	60),
('00039CF3',	'RQ',	'Potion of Recuperation (Surpassing)',	0.50000000,	450,	'000FFA05',	9999.00000000,	0),
('00039BE8',	'RQ',	'Potion of Recuperation (Faint)',	0.50000000,	30,	'0003EB16',	5.00000000,	20),
('00039BE7',	'RQ',	'Potion of Magicka (Surpassing)',	0.50000000,	450,	'000FFA04',	9999.00000000,	0),
('00039BE6',	'RQ',	'Potion of Magicka (Remarkable)',	0.50000000,	85,	'0003EB17',	12.00000000,	20),
('00039BE5',	'RQ',	'Potion of Healing (Surpassing)',	0.50000000,	500,	'000FFA03',	9999.00000000,	0),
('00039BE4',	'RQ',	'Potion of Healing (Remarkable)',	0.50000000,	100,	'0003EB15',	12.00000000,	20),
('00039BE3',	'RQ',	'Potion of Shockbane (Fair)',	0.50000000,	207,	'0003EAEC',	40.00000000,	180),
('00039BE1',	'RQ',	'Potion of Shockbane (Deficient)',	0.50000000,	96,	'0003EAEC',	20.00000000,	60),
('00039BDF',	'RQ',	'Potion of Icebane (Fair)',	0.50000000,	207,	'0003EAEB',	40.00000000,	180),
('00039B8A',	'RQ',	'Potion of Icebane (Deficient)',	0.50000000,	96,	'0003EAEB',	20.00000000,	60),
('00039B4B',	'RQ',	'Potion of Flamebane (Fair)',	0.50000000,	207,	'0003EAEA',	40.00000000,	180),
('00039B4A',	'RQ',	'Potion of Flamebane (Deficient)',	0.50000000,	96,	'0003EAEA',	20.00000000,	60),
('00039B0C',	'RQ',	'Potion of Spiritedness (Fair)',	0.50000000,	451,	'0003EB08',	70.00000000,	300),
('00039AA6',	'RQ',	'Potion of Ably Berserking (Good)',	0.50000000,	265,	'0003EB1A',	50.00000000,	60),
('00039980',	'RQ',	'Potion of Ably Berserking (Fair)',	0.50000000,	207,	'0003EB1A',	40.00000000,	60),
('00039974',	'RQ',	'Potion of Ably Berserking (Faint)',	0.50000000,	151,	'0003EB1A',	30.00000000,	60),
('00039973',	'RQ',	'Potion of Ably Haggling (Good)',	0.50000000,	230,	'0003EB23',	25.00000000,	30),
('00039971',	'RQ',	'Potion of Ably Haggling (Fair)',	0.50000000,	180,	'0003EB23',	20.00000000,	30),
('00039970',	'RQ',	'Potion of Ably Haggling (Faint)',	0.50000000,	131,	'0003EB23',	15.00000000,	30),
('0003996F',	'RQ',	'Potion of Ably Sneaking (Good)',	0.50000000,	123,	'0003EB22',	25.00000000,	60),
('00039969',	'RQ',	'Potion of Ably Sneaking (Fair)',	0.50000000,	96,	'0003EB22',	20.00000000,	60),
('00039968',	'RQ',	'Potion of Ably Sneaking (Faint)',	0.50000000,	70,	'0003EB22',	15.00000000,	60),
('00039967',	'RQ',	'Potion of Ably Blacksmithing (Good)',	0.50000000,	4,	'0003EB1D',	5.00000000,	30),
('00039962',	'RQ',	'Potion of Ably Blacksmithing (Fair)',	0.50000000,	3,	'0003EB1D',	4.00000000,	30),
('0003995D',	'RQ',	'Potion of Ably Blacksmithing (Faint)',	0.50000000,	2,	'0003EB1D',	3.00000000,	30),
('0003995C',	'RQ',	'Potion of Ably Restoring (Good)',	0.50000000,	132,	'0003EB28',	50.00000000,	60),
('0003995B',	'RQ',	'Potion of Ably Restoring (Fair)',	0.50000000,	103,	'0003EB28',	40.00000000,	60),
('0003995A',	'RQ',	'Potion of Ably Restoring (Faint)',	0.50000000,	75,	'0003EB28',	30.00000000,	60),
('00039959',	'RQ',	'Potion of Ably Pickpocketing (Fair)',	0.50000000,	207,	'0003EB20',	40.00000000,	60),
('00039958',	'RQ',	'Potion of Ably Pickpocketing (Good)',	0.50000000,	265,	'0003EB20',	50.00000000,	60),
('00039957',	'RQ',	'Potion of Ably Pickpocketing (Faint)',	0.50000000,	151,	'0003EB20',	30.00000000,	60),
('00039956',	'RQ',	'Potion of Ably Fighting (Good)',	0.50000000,	265,	'0003EB19',	50.00000000,	60),
('00039955',	'RQ',	'Potion of Ably Fighting (Fair)',	0.50000000,	207,	'0003EB19',	40.00000000,	60),
('00039954',	'RQ',	'Potion of Ably Fighting (Faint)',	0.50000000,	151,	'0003EB19',	30.00000000,	60),
('00039951',	'RQ',	'Potion of Ably Deceiving (Good)',	0.50000000,	284,	'0003EB27',	100.00000000,	60),
('00039950',	'RQ',	'Potion of Ably Deceiving (Fair)',	0.50000000,	207,	'0003EB27',	75.00000000,	60),
('0003994F',	'RQ',	'Potion of Ably Deceiving (Faint)',	0.50000000,	132,	'0003EB27',	50.00000000,	60),
('0003994E',	'RQ',	'Potion of Ably Aiming (Good)',	0.50000000,	265,	'0003EB1B',	50.00000000,	60),
('0003994B',	'RQ',	'Potion of Ably Aiming (Fair)',	0.50000000,	207,	'0003EB1B',	40.00000000,	60),
('00039949',	'RQ',	'Potion of Ably Aiming (Faint)',	0.50000000,	151,	'0003EB1B',	30.00000000,	60),
('00039948',	'RQ',	'Potion of Ably Lockpicking (Good)',	0.50000000,	123,	'0003EB21',	50.00000000,	30),
('00039946',	'RQ',	'Potion of Ably Lockpicking (Fair)',	0.50000000,	96,	'0003EB21',	40.00000000,	30),
('00039945',	'RQ',	'Potion of Ably Lockpicking (Faint)',	0.50000000,	70,	'0003EB21',	30.00000000,	30),
('00039930',	'RQ',	'Potion of Ably Lockpicking (Deficient)',	0.50000000,	45,	'0003EB21',	20.00000000,	30),
('00039904',	'RQ',	'Potion of Stoneskin (Good)',	0.50000000,	61,	'0003EB1F',	100.00000000,	60),
('00039903',	'RQ',	'Potion of Stoneskin (Fair)',	0.50000000,	48,	'0003EB1F',	75.00000000,	60),
('000398FD',	'RQ',	'Potion of Stoneskin (Faint)',	0.50000000,	35,	'0003EB1F',	50.00000000,	60),
('000398F6',	'RQ',	'Potion of Stoneskin (Good)',	0.50000000,	61,	'0003EB1E',	100.00000000,	60),
('000398F5',	'RQ',	'Potion of Stoneskin (Fair)',	0.50000000,	48,	'0003EB1E',	75.00000000,	60),
('000398F4',	'RQ',	'Potion of Stoneskin (Faint)',	0.50000000,	35,	'0003EB1E',	50.00000000,	60),
('000398F3',	'RQ',	'Potion of Ably Destroying (Good)',	0.50000000,	132,	'0003EB26',	50.00000000,	60),
('000398F1',	'RQ',	'Potion of Ably Destroying (Fair)',	0.50000000,	103,	'0003EB26',	40.00000000,	60),
('000398EE',	'RQ',	'Potion of Ably Destroying (Faint)',	0.50000000,	75,	'0003EB26',	30.00000000,	60),
('000398ED',	'RQ',	'Potion of Ably Conjuring (Good)',	0.50000000,	284,	'0003EB25',	100.00000000,	60),
('000398EC',	'RQ',	'Potion of Ably Conjuring (Fair)',	0.50000000,	207,	'0003EB25',	75.00000000,	60),
('000398AD',	'RQ',	'Potion of Ably Conjuring (Faint)',	0.50000000,	132,	'0003EB25',	50.00000000,	60),
('000398AC',	'RQ',	'Potion of Ably Defending (Good)',	0.50000000,	61,	'0003EB1C',	25.00000000,	60),
('000398AB',	'RQ',	'Potion of Ably Defending (Fair)',	0.50000000,	48,	'0003EB1C',	20.00000000,	60),
('0003989B',	'RQ',	'Potion of Ably Defending (Faint)',	0.50000000,	35,	'0003EB1C',	15.00000000,	60),
('0003989A',	'RQ',	'Potion of Ably Transmuting (Good)',	0.50000000,	284,	'0003EB24',	100.00000000,	60),
('00039899',	'RQ',	'Potion of Ably Transmuting (Fair)',	0.50000000,	207,	'0003EB24',	75.00000000,	60),
('0003988E',	'RQ',	'Potion of Ably Transmuting (Faint)',	0.50000000,	132,	'0003EB24',	50.00000000,	60);

-- 2017-05-30 22:37:24
